seed,resource,marginal_benefit_pp
2027,Lithium,0.054595964299295474
2027,Nickel,0.01940623858723356
2027,Cobalt,0.00975705533187643
2027,Graphite,0.6559788751803008
2027,Rare earths,1.0151558949413042
2027,Copper,0.177057853461152
2028,Lithium,0.05522405412690823
2028,Nickel,0.021069146221224244
2028,Cobalt,0.012691347503288597
2028,Graphite,0.598947607595429
2028,Rare earths,0.6328837813559467
2028,Copper,0.10352023664489796
2029,Lithium,0.042640863188550426
2029,Nickel,0.03245719341853892
2029,Cobalt,0.0008252487085149696
2029,Graphite,0.6264012525754676
2029,Rare earths,0.6684816219897405
2029,Copper,0.16657219344246688
2030,Lithium,0.06786790526474995
2030,Nickel,0.046315978302383876
2030,Cobalt,0.00442687619535409
2030,Graphite,0.6612257734827898
2030,Rare earths,0.7937421431179104
2030,Copper,0.11394334519498273
2031,Lithium,0.03740773472108572
2031,Nickel,0.013091123998382415
2031,Cobalt,0.004458549249386934
2031,Graphite,0.8826920672274685
2031,Rare earths,0.8899360502206797
2031,Copper,0.23661150339249915
2032,Lithium,0.032591749611590615
2032,Nickel,0.0304225575625221
2032,Cobalt,0.0014557419884084766
2032,Graphite,0.7840705829015224
2032,Rare earths,0.9297436775073011
2032,Copper,0.1238722757957973
2033,Lithium,0.044122076701148316
2033,Nickel,0.010956388020019858
2033,Cobalt,0.00625436648449984
2033,Graphite,0.5895213030820017
2033,Rare earths,0.7716540435002273
2033,Copper,0.46601645834805794
2034,Lithium,0.05818818399231418
2034,Nickel,0.01669778513610609
2034,Cobalt,0.005751122928796093
2034,Graphite,0.6673077980624962
2034,Rare earths,0.8676938332608692
2034,Copper,0.16152128339894922
2035,Lithium,0.044329438039774516
2035,Nickel,0.018302234983092802
2035,Cobalt,0.0016132834552671227
2035,Graphite,0.6909314989709401
2035,Rare earths,1.2457011221526528
2035,Copper,0.1716915407292703
2036,Lithium,0.05489892640496663
2036,Nickel,0.03284040123093668
2036,Cobalt,0.008489788313337243
2036,Graphite,0.5581309737583933
2036,Rare earths,0.9735721947440759
2036,Copper,0.22784026472203678
2037,Lithium,0.047595681142936996
2037,Nickel,0.03811026214588331
2037,Cobalt,0.0033946312502326492
2037,Graphite,0.6366999616767277
2037,Rare earths,0.8523696253856148
2037,Copper,0.16918888621459516
2038,Lithium,0.03858290708588896
2038,Nickel,0.010037642829367144
2038,Cobalt,0.010004202275467833
2038,Graphite,0.6737866677634425
2038,Rare earths,0.7685781814616384
2038,Copper,0.20298857475857535
2039,Lithium,0.0758193639407363
2039,Nickel,0.02182820209605829
2039,Cobalt,0.0146964728488026
2039,Graphite,0.5648413983633116
2039,Rare earths,0.9917895914718304
2039,Copper,0.24361031696014734
2040,Lithium,0.03902510818650207
2040,Nickel,0.035569407070948245
2040,Cobalt,0.0016708374663334524
2040,Graphite,0.6458517783215436
2040,Rare earths,0.8765304629747908
2040,Copper,0.22714154047196367
2041,Lithium,0.03844053863512098
2041,Nickel,0.06315721767523907
2041,Cobalt,0.002437760396725608
2041,Graphite,0.5548707924383365
2041,Rare earths,0.8312340737107871
2041,Copper,0.14325867802287107
2042,Lithium,0.048662683863543776
2042,Nickel,0.005782548790026709
2042,Cobalt,0.0011853576965101809
2042,Graphite,0.7212826396836931
2042,Rare earths,0.9186307983530266
2042,Copper,0.23790711948429966
2043,Lithium,0.03842807231663414
2043,Nickel,0.022115896521791356
2043,Cobalt,0.007835850953487267
2043,Graphite,0.5399680411103542
2043,Rare earths,0.6738900737022222
2043,Copper,0.09349745147648303
2044,Lithium,0.012277545475492424
2044,Nickel,0.1387201772007387
2044,Cobalt,0.019259006392842615
2044,Graphite,0.08832421227464327
2044,Rare earths,0.09715664124057888
2044,Copper,0.5984078133312876
2045,Lithium,0.04333311519108918
2045,Nickel,0.0390748666290861
2045,Cobalt,0.0037569545525837356
2045,Graphite,0.7121510797012469
2045,Rare earths,0.8190840869968152
2045,Copper,0.28102733670287705
2046,Lithium,0.04380595514917207
2046,Nickel,0.017004518036062954
2046,Cobalt,0.0025887590086748347
2046,Graphite,0.5947975770979026
2046,Rare earths,0.7469392156000492
2046,Copper,0.18786234778010868
2047,Lithium,0.04081533880093424
2047,Nickel,0.011509264359805371
2047,Cobalt,0.0032676853731512523
2047,Graphite,0.6040889490118779
2047,Rare earths,0.9651718931042321
2047,Copper,0.14930555533237744
2048,Lithium,0.01993289799303355
2048,Nickel,0.03535370232846535
2048,Cobalt,0.0074216659810115715
2048,Graphite,0.5792582284473093
2048,Rare earths,0.8462241361817302
2048,Copper,0.1418964941519718
2049,Lithium,0.01454243450636028
2049,Nickel,0.007788948549698915
2049,Cobalt,0.0046952201598173815
2049,Graphite,0.6988329100053683
2049,Rare earths,1.0853246106355119
2049,Copper,0.1458063052674312
2050,Lithium,0.03306465525285596
2050,Nickel,0.010986844718017252
2050,Cobalt,0.00402553036517439
2050,Graphite,0.6684288139155043
2050,Rare earths,1.0471228546030877
2050,Copper,0.15940115212189454
2051,Lithium,0.056421842227777574
2051,Nickel,0.020783339003020984
2051,Cobalt,0.008183758650114115
2051,Graphite,0.7021591954318751
2051,Rare earths,0.8376277620799755
2051,Copper,0.23693748902708478
2052,Lithium,0.03604530362125935
2052,Nickel,0.02833539515718897
2052,Cobalt,0.008362716845526919
2052,Graphite,0.5853025025789318
2052,Rare earths,1.021552795023192
2052,Copper,0.1660740186155394
2053,Lithium,0.03924954999569508
2053,Nickel,0.020344977592278823
2053,Cobalt,0.002805010836787858
2053,Graphite,0.7538205341346504
2053,Rare earths,0.8774569575099322
2053,Copper,0.11967469523613339
2054,Lithium,0.03387304316744277
2054,Nickel,0.020946124683907108
2054,Cobalt,0.0035475637581647845
2054,Graphite,0.648011908984369
2054,Rare earths,0.8492436038137576
2054,Copper,0.12383736993402295
2055,Lithium,0.04851807045476164
2055,Nickel,0.022025097362973867
2055,Cobalt,0.005890686494574027
2055,Graphite,0.7137968403470651
2055,Rare earths,0.9398129387863836
2055,Copper,0.211787783433941
2056,Lithium,0.028761632115212876
2056,Nickel,0.021101759028976375
2056,Cobalt,0.0013941218943145373
2056,Graphite,0.6044015362731017
2056,Rare earths,1.004583457609467
2056,Copper,0.22935281348203418
2057,Lithium,0.0547752504989063
2057,Nickel,0.014968613159147992
2057,Cobalt,0.004194758292722867
2057,Graphite,0.8054883479010924
2057,Rare earths,0.8057384389741546
2057,Copper,0.16243774374010478
2058,Lithium,0.057252202840254895
2058,Nickel,0.028495505408606903
2058,Cobalt,0.0032139072844827865
2058,Graphite,0.7297580070763168
2058,Rare earths,0.8932182476880524
2058,Copper,0.1567209448358522
2059,Lithium,0.048139249896770764
2059,Nickel,0.0201701587030918
2059,Cobalt,0.001328053962092568
2059,Graphite,0.6579492505561415
2059,Rare earths,0.8615705583108664
2059,Copper,0.20886385085245252
2060,Lithium,0.0773153868847789
2060,Nickel,0.024136247448071302
2060,Cobalt,0.004203425945954464
2060,Graphite,0.5397120975781657
2060,Rare earths,1.0143443636628842
2060,Copper,0.22419068923979246
2061,Lithium,0.03488904677417359
2061,Nickel,0.033012428447889874
2061,Cobalt,0.00627185259221541
2061,Graphite,0.6034573591417232
2061,Rare earths,0.9151524953114265
2061,Copper,0.2027294008307141
2062,Lithium,0.030214869656328247
2062,Nickel,0.021219875351379258
2062,Cobalt,0.003667938026843842
2062,Graphite,0.7467420902964363
2062,Rare earths,0.845734843887433
2062,Copper,0.15159115701470327
2063,Lithium,0.06759663810963978
2063,Nickel,0.010966339927069413
2063,Cobalt,0.013072714207909897
2063,Graphite,0.6420650460007078
2063,Rare earths,0.8794038520889513
2063,Copper,0.18484166293343485
2064,Lithium,0.04100216451931615
2064,Nickel,0.015376025821018935
2064,Cobalt,0.007133668472289578
2064,Graphite,0.6041411554745046
2064,Rare earths,0.8746170105345987
2064,Copper,0.17206064703677448
2065,Lithium,0.04000740410428705
2065,Nickel,0.01575248734118695
2065,Cobalt,0.005383191006147925
2065,Graphite,0.8585872844222546
2065,Rare earths,0.8452586367610371
2065,Copper,0.13330875936916797
2066,Lithium,0.031128726053655242
2066,Nickel,0.009060687700475967
2066,Cobalt,0.003941310100705309
2066,Graphite,0.6241367779123372
2066,Rare earths,0.9520888715058309
2066,Copper,0.13330213503615607
2067,Lithium,0.07689407210111199
2067,Nickel,0.008329277343582575
2067,Cobalt,0.00647538050334262
2067,Graphite,0.5071782791635187
2067,Rare earths,0.8029740756885211
2067,Copper,0.1099574138107231
2068,Lithium,0.07101548424079418
2068,Nickel,0.005518598680636089
2068,Cobalt,0.010697894052418278
2068,Graphite,0.6290005751027774
2068,Rare earths,1.036168859087054
2068,Copper,0.1116970664104695
2069,Lithium,0.03616002703000554
2069,Nickel,0.018785667363268033
2069,Cobalt,0.006001299967387297
2069,Graphite,0.5135412677253557
2069,Rare earths,1.0801440228345172
2069,Copper,0.11922635222088829
2070,Lithium,0.05781303829105511
2070,Nickel,0.024437270866854988
2070,Cobalt,0.008069020445736541
2070,Graphite,0.5486479815294159
2070,Rare earths,0.9709698991039941
2070,Copper,0.20023327520688383
2071,Lithium,0.05015820018073214
2071,Nickel,0.015339672214349065
2071,Cobalt,0.0013493236347983384
2071,Graphite,0.7217419763230151
2071,Rare earths,0.8866358320298815
2071,Copper,0.23649487279423909
2072,Lithium,0.04548703547027344
2072,Nickel,0.009254885151678494
2072,Cobalt,0.0012332926238087794
2072,Graphite,0.5767354138662064
2072,Rare earths,0.8953879267150464
2072,Copper,0.21502692025118808
2073,Lithium,0.03876842064073571
2073,Nickel,0.02120090668575969
2073,Cobalt,0.005668901581504571
2073,Graphite,0.6028777176681164
2073,Rare earths,0.9885651053571856
2073,Copper,0.1878083550127574
2074,Lithium,0.06389710957535044
2074,Nickel,0.01501344403335203
2074,Cobalt,0.0017808798228724498
2074,Graphite,0.6389330735133418
2074,Rare earths,0.7543539849111447
2074,Copper,0.2589597834878852
2075,Lithium,0.04970272417587296
2075,Nickel,0.012718800566026367
2075,Cobalt,0.00792816432727328
2075,Graphite,0.5641366497334648
2075,Rare earths,0.8799821219762816
2075,Copper,0.1015473940957543
2076,Lithium,0.04828336260343491
2076,Nickel,0.040631007908365824
2076,Cobalt,0.0014324727708778795
2076,Graphite,0.6437505964507215
2076,Rare earths,0.7699371864898303
2076,Copper,0.10893499011279673
2077,Lithium,0.024665931676452146
2077,Nickel,0.04218390088267476
2077,Cobalt,0.00981236299818633
2077,Graphite,0.7482902873560695
2077,Rare earths,0.8376763201700985
2077,Copper,0.20138515221317732
2078,Lithium,0.04908410428726562
2078,Nickel,0.017586575812556404
2078,Cobalt,0.0032388598445169947
2078,Graphite,0.5897323064006503
2078,Rare earths,1.0716438086575604
2078,Copper,0.09314785164393236
2079,Lithium,0.04410522533521899
2079,Nickel,0.015085456834885491
2079,Cobalt,0.01826079558110738
2079,Graphite,0.5312024656144096
2079,Rare earths,0.672493195489106
2079,Copper,0.19059907105229357
2080,Lithium,0.0347952781063352
2080,Nickel,0.019401875754868847
2080,Cobalt,0.005721022549655785
2080,Graphite,0.5382923061002982
2080,Rare earths,0.6684741544931674
2080,Copper,0.17237540994046618
2081,Lithium,0.05758812134243563
2081,Nickel,0.025742795104816807
2081,Cobalt,0.007155894784645511
2081,Graphite,0.6547116039247332
2081,Rare earths,1.0385391155215
2081,Copper,0.1743617372549373
2082,Lithium,0.037066327298106216
2082,Nickel,0.0228733220642372
2082,Cobalt,0.0063124516357682126
2082,Graphite,0.61769820772823
2082,Rare earths,0.8822144706240627
2082,Copper,0.2661848660369568
2083,Lithium,0.035134628610080654
2083,Nickel,0.015587166973870303
2083,Cobalt,0.004019623849119469
2083,Graphite,0.6414823998021628
2083,Rare earths,0.8747306414816416
2083,Copper,0.10619294982619198
2084,Lithium,0.029127438283078178
2084,Nickel,0.02707306842415136
2084,Cobalt,0.007570810158355812
2084,Graphite,0.5920896356074152
2084,Rare earths,0.9972958322532932
2084,Copper,0.29059075995637507
2085,Lithium,0.023003774975766333
2085,Nickel,0.021052660039506677
2085,Cobalt,0.00736311974958781
2085,Graphite,0.6600309131003765
2085,Rare earths,0.8515830688181563
2085,Copper,0.20578420671587594
2086,Lithium,0.03632676034806437
2086,Nickel,0.02218525926950754
2086,Cobalt,0.012589113791634077
2086,Graphite,0.6295731293164541
2086,Rare earths,0.9351058263605081
2086,Copper,0.1487763145320269
2087,Lithium,0.036934756477358555
2087,Nickel,0.015588544704245422
2087,Cobalt,0.008141583805419295
2087,Graphite,0.5551011162208077
2087,Rare earths,0.823618865899129
2087,Copper,0.15066729448009308
2088,Lithium,0.07576995442172674
2088,Nickel,0.005264693709752244
2088,Cobalt,0.004220952533875
2088,Graphite,0.7404143061942206
2088,Rare earths,0.7942392209842515
2088,Copper,0.09549934556033435
2089,Lithium,0.07604958622754054
2089,Nickel,0.02444980141441455
2089,Cobalt,0.0017549241025385243
2089,Graphite,0.7981890094619146
2089,Rare earths,0.8227304365243988
2089,Copper,0.21158984342546283
2090,Lithium,0.04554681714160935
2090,Nickel,0.005764666202200175
2090,Cobalt,0.006878977617851945
2090,Graphite,0.6164441310575839
2090,Rare earths,0.8742953973260654
2090,Copper,0.1835590118835242
2091,Lithium,0.042676885237995066
2091,Nickel,0.037096039789592083
2091,Cobalt,0.004689131738740748
2091,Graphite,0.6993555514473915
2091,Rare earths,0.7262575282412875
2091,Copper,0.21217350487649345
2092,Lithium,0.020065734212250774
2092,Nickel,0.024392487489209635
2092,Cobalt,0.004085222086055218
2092,Graphite,0.43665865994931874
2092,Rare earths,0.7587244188171587
2092,Copper,0.3812363407433912
2093,Lithium,0.045838222328537626
2093,Nickel,0.02190684512263985
2093,Cobalt,0.003341876721717263
2093,Graphite,0.5364053869958365
2093,Rare earths,0.616658694574375
2093,Copper,0.06656641342521397
2094,Lithium,0.047537218566713335
2094,Nickel,0.010449250578346891
2094,Cobalt,0.00129623193412165
2094,Graphite,0.6811157056818784
2094,Rare earths,0.8895585518745097
2094,Copper,0.11904661459375099
2095,Lithium,0.03313625905893236
2095,Nickel,0.03035554433647203
2095,Cobalt,0.008404806850643709
2095,Graphite,0.6156221706548628
2095,Rare earths,0.8443970714285154
2095,Copper,0.14058388545417166
2096,Lithium,0.04549457674876134
2096,Nickel,0.03218104877643846
2096,Cobalt,0.006280285232564964
2096,Graphite,0.3428428360137783
2096,Rare earths,0.4322917159082964
2096,Copper,0.1664657554654747
2097,Lithium,0.04895919887195177
2097,Nickel,0.011516898300442335
2097,Cobalt,0.003467264086731703
2097,Graphite,0.5774852334983471
2097,Rare earths,1.0619044469466576
2097,Copper,0.14996679531968837
2098,Lithium,0.04240390141807637
2098,Nickel,0.021513499262809432
2098,Cobalt,0.00042405700217074127
2098,Graphite,0.5587611877162821
2098,Rare earths,0.9331757735388937
2098,Copper,0.21627037822884
2099,Lithium,0.04660095604741166
2099,Nickel,0.009081907348683416
2099,Cobalt,0.001271561238770147
2099,Graphite,0.784161634338048
2099,Rare earths,0.9211393378873449
2099,Copper,0.17448443235834432
2100,Lithium,0.058224161619882864
2100,Nickel,0.017556805379529195
2100,Cobalt,0.005897839852606168
2100,Graphite,0.7535417829160096
2100,Rare earths,0.8742263658195313
2100,Copper,0.24081688154866576
2101,Lithium,0.02259652966211334
2101,Nickel,0.023325845060792716
2101,Cobalt,0.005337283836695406
2101,Graphite,0.5648537794201731
2101,Rare earths,1.0109077321052862
2101,Copper,0.16954504031067685
2102,Lithium,0.04290950325081244
2102,Nickel,0.02525973515517954
2102,Cobalt,0.005058416211848993
2102,Graphite,0.6739057410561333
2102,Rare earths,0.7493881838507797
2102,Copper,0.19487805881017195
2103,Lithium,0.03831384035282426
2103,Nickel,0.021045947062191317
2103,Cobalt,0.004890063311597359
2103,Graphite,0.6615972166839263
2103,Rare earths,0.9578079297843782
2103,Copper,0.13050796712206747
2104,Lithium,0.03551152507540678
2104,Nickel,0.025619611746440896
2104,Cobalt,0.002961816125422345
2104,Graphite,0.40595592793172663
2104,Rare earths,0.4793185345208437
2104,Copper,0.16824019636976129
2105,Lithium,0.054254691940512245
2105,Nickel,0.017077786951162466
2105,Cobalt,0.005187212097174765
2105,Graphite,0.6716678186089382
2105,Rare earths,0.852824635207039
2105,Copper,0.18755864949200785
2106,Lithium,0.050115634035023504
2106,Nickel,0.008453654670621091
2106,Cobalt,0.008274065149345589
2106,Graphite,0.7529120979788466
2106,Rare earths,0.9918328426193206
2106,Copper,0.24376964321134054
2107,Lithium,0.0222461569641883
2107,Nickel,0.019372538852834964
2107,Cobalt,0.0037806379198404017
2107,Graphite,0.6089128683478169
2107,Rare earths,0.8896873626696316
2107,Copper,0.21205618851190522
2108,Lithium,0.04303644211905677
2108,Nickel,0.014225250286287405
2108,Cobalt,0.00438570726778309
2108,Graphite,0.6639043306727643
2108,Rare earths,0.9233353382903289
2108,Copper,0.1856083817291232
2109,Lithium,0.027269339441511775
2109,Nickel,0.007201540957725072
2109,Cobalt,0.0018235464494029685
2109,Graphite,0.7276115127134943
2109,Rare earths,0.8456857746304873
2109,Copper,0.18902743288798796
2110,Lithium,0.01957537696551448
2110,Nickel,0.030108696211420316
2110,Cobalt,0.004148260651573921
2110,Graphite,0.5705400696792813
2110,Rare earths,0.8455617764431995
2110,Copper,0.17275392309305904
2111,Lithium,0.009689436521812311
2111,Nickel,0.16670555516387253
2111,Cobalt,0.015399005963272039
2111,Graphite,0.12016277595545333
2111,Rare earths,0.10803444375939897
2111,Copper,0.9011732505340078
2112,Lithium,0.06493491166299314
2112,Nickel,0.012710118267577286
2112,Cobalt,0.004831216412990003
2112,Graphite,0.7338820423614774
2112,Rare earths,0.7469984208317024
2112,Copper,0.1932124492436742
2113,Lithium,0.04018102076536678
2113,Nickel,0.007905127727594774
2113,Cobalt,0.004337466117035227
2113,Graphite,0.6579928281904941
2113,Rare earths,0.7540275994398682
2113,Copper,0.1811212449662909
2114,Lithium,0.06644712719561952
2114,Nickel,0.01854142999745889
2114,Cobalt,0.005295289327285069
2114,Graphite,0.6628090541419489
2114,Rare earths,0.7861370751584449
2114,Copper,0.16650376613248774
2115,Lithium,0.0496518117770286
2115,Nickel,0.005563524653798169
2115,Cobalt,0.013567802855742883
2115,Graphite,0.6988670717395706
2115,Rare earths,1.0410407599760507
2115,Copper,0.121666129719884
2116,Lithium,0.0383121989048778
2116,Nickel,0.01964873062278727
2116,Cobalt,0.001601889370544285
2116,Graphite,0.7954015982829894
2116,Rare earths,0.9188987332649177
2116,Copper,0.16360851143818067
2117,Lithium,0.05278122551443776
2117,Nickel,0.017532875140534365
2117,Cobalt,0.0037593794829664517
2117,Graphite,0.5137064337138186
2117,Rare earths,0.7520067044323762
2117,Copper,0.13631944522963746
2118,Lithium,0.06930706100093786
2118,Nickel,0.00806184090748907
2118,Cobalt,0.00597532801579348
2118,Graphite,0.5095802487565617
2118,Rare earths,1.0102355158529255
2118,Copper,0.1833681123786377
2119,Lithium,0.025046428453212144
2119,Nickel,0.05221506642860163
2119,Cobalt,0.007004061857699639
2119,Graphite,0.6234499153895161
2119,Rare earths,0.7652029590280707
2119,Copper,0.23869029685613352
2120,Lithium,0.06560769815531486
2120,Nickel,0.03308406160683397
2120,Cobalt,0.004674980270991114
2120,Graphite,0.703300707978137
2120,Rare earths,0.780676252108579
2120,Copper,0.2962195526997977
2121,Lithium,0.02977657484295282
2121,Nickel,0.017361336490325563
2121,Cobalt,0.007590851933803933
2121,Graphite,0.6319052828157954
2121,Rare earths,0.9363781075931854
2121,Copper,0.09815354490268469
2122,Lithium,0.03670884295059018
2122,Nickel,0.015020034497897683
2122,Cobalt,0.003117519435974714
2122,Graphite,0.6861445049034929
2122,Rare earths,0.9308239852595417
2122,Copper,0.15434280805726708
2123,Lithium,0.04786909230337244
2123,Nickel,0.009307699748420717
2123,Cobalt,0.00509634863859354
2123,Graphite,0.7404644326102812
2123,Rare earths,0.6860524200982709
2123,Copper,0.23630079987469088
2124,Lithium,0.03518444419480815
2124,Nickel,0.008773034350229025
2124,Cobalt,0.008200658012510686
2124,Graphite,0.5877943182403733
2124,Rare earths,0.9631262327683823
2124,Copper,0.2626704493864658
2125,Lithium,0.035300457549801934
2125,Nickel,0.025322874903379144
2125,Cobalt,0.006693601925515935
2125,Graphite,0.6573287165032635
2125,Rare earths,0.8296975554269208
2125,Copper,0.22009212771038023
2126,Lithium,0.04875478702794567
2126,Nickel,0.019211411420451796
2126,Cobalt,0.004122855370908951
2126,Graphite,0.6021863808736239
2126,Rare earths,0.9684187555077557
2126,Copper,0.25843817092347443
2127,Lithium,0.03463906345205636
2127,Nickel,0.018907483733320518
2127,Cobalt,0.007962531412633922
2127,Graphite,0.6830970620393257
2127,Rare earths,0.8888403360383759
2127,Copper,0.14608167256239035
2128,Lithium,0.04859485980156819
2128,Nickel,0.014704651074001873
2128,Cobalt,0.009866812367597788
2128,Graphite,0.7238990446064513
2128,Rare earths,0.9334246165230446
2128,Copper,0.18863658143962425
2129,Lithium,0.04900347883787859
2129,Nickel,0.022973693713176147
2129,Cobalt,0.0014180879827190296
2129,Graphite,0.5698382298965097
2129,Rare earths,0.9020233055693936
2129,Copper,0.24423862897397797
2130,Lithium,0.06539403662341048
2130,Nickel,0.03174376528880618
2130,Cobalt,0.003684658134622154
2130,Graphite,0.48963717390608164
2130,Rare earths,0.8126315011998502
2130,Copper,0.20901908120075774
2131,Lithium,0.03941679309451018
2131,Nickel,0.03944160334052782
2131,Cobalt,0.0022037990180017175
2131,Graphite,0.689431663459704
2131,Rare earths,0.9957399434275587
2131,Copper,0.2771055744678481
2132,Lithium,0.04071940670054808
2132,Nickel,0.03863429299316934
2132,Cobalt,0.003112368378170416
2132,Graphite,0.6040142397043837
2132,Rare earths,0.9146983788967091
2132,Copper,0.16473015057810692
2133,Lithium,0.04211100822383962
2133,Nickel,0.013107495067394836
2133,Cobalt,0.006317653113644184
2133,Graphite,0.7170914289759196
2133,Rare earths,0.9843231347292711
2133,Copper,0.18606792905494451
2134,Lithium,0.03606068277787866
2134,Nickel,0.010223349842516605
2134,Cobalt,0.007956115291377408
2134,Graphite,0.7063683236258775
2134,Rare earths,0.9302665125141818
2134,Copper,0.07771763920809693
2135,Lithium,0.03709944517283503
2135,Nickel,0.033365273381710914
2135,Cobalt,0.01088733719479329
2135,Graphite,0.6824627977768483
2135,Rare earths,0.7682489211969568
2135,Copper,0.16672614209119896
2136,Lithium,0.027992985390566716
2136,Nickel,0.022395409066644945
2136,Cobalt,0.0015413994538420184
2136,Graphite,0.6966216561928587
2136,Rare earths,0.8157169864307594
2136,Copper,0.23644894070208622
2137,Lithium,0.055478922237753636
2137,Nickel,0.006930054411167674
2137,Cobalt,0.012687871489269753
2137,Graphite,0.6596494590767517
2137,Rare earths,0.9475677168278871
2137,Copper,0.3778895070993009
2138,Lithium,0.028545130057621826
2138,Nickel,0.04297757141718339
2138,Cobalt,0.007080536549873173
2138,Graphite,0.4941398070918517
2138,Rare earths,0.7487240367248207
2138,Copper,0.12955103960002923
2139,Lithium,0.028813705269370438
2139,Nickel,0.029344090978213444
2139,Cobalt,0.004184524923276811
2139,Graphite,0.5243264926900757
2139,Rare earths,0.7677557034455509
2139,Copper,0.15195542473095092
2140,Lithium,0.047123531310180766
2140,Nickel,0.013163194308408066
2140,Cobalt,0.023386244690566826
2140,Graphite,0.6795218787213386
2140,Rare earths,1.1597432427452077
2140,Copper,0.09185446185372825
2141,Lithium,0.028359334509801215
2141,Nickel,0.012643814141172882
2141,Cobalt,0.004243404662256367
2141,Graphite,0.6496288771133472
2141,Rare earths,1.0416592069392259
2141,Copper,0.18549592087720335
2142,Lithium,0.030066601131677473
2142,Nickel,0.026430343781276733
2142,Cobalt,0.002737094288374209
2142,Graphite,0.6127175254783168
2142,Rare earths,0.8289810455583613
2142,Copper,0.11509046020839797
2143,Lithium,0.03572304174817198
2143,Nickel,0.021180312443920712
2143,Cobalt,0.0032490700826812713
2143,Graphite,0.5304021243750308
2143,Rare earths,0.9751419093302403
2143,Copper,0.19998223269133675
2144,Lithium,0.042597700558694385
2144,Nickel,0.0028528657202944174
2144,Cobalt,0.0012712488971011737
2144,Graphite,0.6425341665020898
2144,Rare earths,0.8374884809297267
2144,Copper,0.22860040090375477
2145,Lithium,0.04248964855442949
2145,Nickel,0.009090517088555572
2145,Cobalt,0.00475616661189715
2145,Graphite,0.5965104260980052
2145,Rare earths,0.9068908746423503
2145,Copper,0.0943643371539249
2146,Lithium,0.0333213376511905
2146,Nickel,0.00573501097663609
2146,Cobalt,0.0027904920788
2146,Graphite,0.5570457862269755
2146,Rare earths,0.658998232171955
2146,Copper,0.2041080771806767
2147,Lithium,0.07091476253546602
2147,Nickel,0.025535451172341794
2147,Cobalt,0.00129839481884364
2147,Graphite,0.5450764652663924
2147,Rare earths,0.791484775397084
2147,Copper,0.15562064673987663
2148,Lithium,0.057607629771254665
2148,Nickel,0.02793895664951407
2148,Cobalt,0.0030686845292189346
2148,Graphite,0.5707857179155669
2148,Rare earths,0.7585310387843034
2148,Copper,0.16888304178164848
2149,Lithium,0.04827489478718583
2149,Nickel,0.017287323298349477
2149,Cobalt,0.0029669202098077108
2149,Graphite,0.5377725010378427
2149,Rare earths,0.9583265523153717
2149,Copper,0.06020859318834049
2150,Lithium,0.03089714571921931
2150,Nickel,0.04292261808573716
2150,Cobalt,0.0024684333114137758
2150,Graphite,0.6487642316174362
2150,Rare earths,0.9191420235327268
2150,Copper,0.086217661604854
2151,Lithium,0.029642457258138855
2151,Nickel,0.01776233170402719
2151,Cobalt,0.004320542786653725
2151,Graphite,0.5311474531891802
2151,Rare earths,0.7449287443294788
2151,Copper,0.08088173502663132
2152,Lithium,0.03950872037848008
2152,Nickel,0.04418320868171932
2152,Cobalt,0.012252705914010065
2152,Graphite,0.6745970676966202
2152,Rare earths,0.8125573510125523
2152,Copper,0.17777814885086052
2153,Lithium,0.03675743025667977
2153,Nickel,0.02680961639206103
2153,Cobalt,0.006781817557278913
2153,Graphite,0.6246180408227051
2153,Rare earths,0.8527281979653205
2153,Copper,0.19548003090377186
2154,Lithium,0.06861505805086132
2154,Nickel,0.024900583373476337
2154,Cobalt,0.007794669002342047
2154,Graphite,0.5109865758881842
2154,Rare earths,0.9665762982190476
2154,Copper,0.19237617208961133
2155,Lithium,0.03574099119483165
2155,Nickel,0.030014811580329592
2155,Cobalt,0.0015180113539727813
2155,Graphite,0.632024633933975
2155,Rare earths,0.9719102786220777
2155,Copper,0.17278415231660915
2156,Lithium,0.036110642004654636
2156,Nickel,0.01516454622360719
2156,Cobalt,0.004010773596831996
2156,Graphite,0.5987505250598053
2156,Rare earths,1.0346255737682828
2156,Copper,0.14016912864907738
2157,Lithium,0.06140487840955444
2157,Nickel,0.019540831566500216
2157,Cobalt,0.007953179762345997
2157,Graphite,0.5226957709351305
2157,Rare earths,0.8558012606892742
2157,Copper,0.2923314437004656
2158,Lithium,0.039030934448588184
2158,Nickel,0.014735099424214582
2158,Cobalt,0.007622009759179704
2158,Graphite,0.6349259105734006
2158,Rare earths,0.9334561414729272
2158,Copper,0.13387956729134487
2159,Lithium,0.05157224068778632
2159,Nickel,0.011397079914504005
2159,Cobalt,0.003471598716952684
2159,Graphite,0.6704352669340601
2159,Rare earths,0.939406706151459
2159,Copper,0.3100042323250509
2160,Lithium,0.05220629935199206
2160,Nickel,0.010591074901878272
2160,Cobalt,0.003436255961954515
2160,Graphite,0.7022883159596471
2160,Rare earths,1.1859191478076738
2160,Copper,0.08958342403331443
2161,Lithium,0.03619381450675796
2161,Nickel,0.014456151413483553
2161,Cobalt,0.003409975924480335
2161,Graphite,0.6175716851172437
2161,Rare earths,0.9398816503647023
2161,Copper,0.2151350590070713
2162,Lithium,0.045028684309240674
2162,Nickel,0.02495018228200152
2162,Cobalt,0.007799191217905843
2162,Graphite,0.650788962977888
2162,Rare earths,1.0029655106315056
2162,Copper,0.12890174786119424
2163,Lithium,0.06551206395553777
2163,Nickel,0.011724541990369985
2163,Cobalt,0.003211522320816229
2163,Graphite,0.5772570922453699
2163,Rare earths,1.1230836783117653
2163,Copper,0.15757910806519781
2164,Lithium,0.04782357473296983
2164,Nickel,0.015127223588386585
2164,Cobalt,0.007659005219620596
2164,Graphite,0.5816680545810868
2164,Rare earths,0.7550119776519706
2164,Copper,0.09177225802305244
2165,Lithium,0.03745795042712885
2165,Nickel,0.020850999647421098
2165,Cobalt,0.007734969373981215
2165,Graphite,0.6763301548622804
2165,Rare earths,0.7500724791657332
2165,Copper,0.21763768310553022
2166,Lithium,0.04990880784292795
2166,Nickel,0.03362612539518661
2166,Cobalt,0.0013521091164507837
2166,Graphite,0.6463986304666589
2166,Rare earths,0.69784660684111
2166,Copper,0.17110166030804663
2167,Lithium,0.028759662482135795
2167,Nickel,0.026088152563739087
2167,Cobalt,0.002995835400122715
2167,Graphite,0.7559818275634846
2167,Rare earths,0.8871416099628231
2167,Copper,0.12211224318579639
2168,Lithium,0.039174074367208434
2168,Nickel,0.018576077042782302
2168,Cobalt,0.010106037083657426
2168,Graphite,0.6880940818169936
2168,Rare earths,0.7444931347012016
2168,Copper,0.288364735337332
2169,Lithium,0.057913339076739234
2169,Nickel,0.0321845035406092
2169,Cobalt,0.007482445375043056
2169,Graphite,0.5577724931907468
2169,Rare earths,0.9946364397809724
2169,Copper,0.2097712375960441
2170,Lithium,0.08031313574964472
2170,Nickel,0.024562178863732242
2170,Cobalt,0.0025826260636563347
2170,Graphite,0.687172098322943
2170,Rare earths,0.756023089091034
2170,Copper,0.2818220949161869
2171,Lithium,0.05148949095795974
2171,Nickel,0.016809804520099725
2171,Cobalt,0.00205208758096731
2171,Graphite,0.6558420000773824
2171,Rare earths,0.7710819538990252
2171,Copper,0.20455938644557836
2172,Lithium,0.04579327001037026
2172,Nickel,0.016753912263586912
2172,Cobalt,0.011488489506108479
2172,Graphite,0.5117808765623586
2172,Rare earths,0.8859655342928097
2172,Copper,0.11250548744774758
2173,Lithium,0.049999190898749823
2173,Nickel,0.006539662343132413
2173,Cobalt,0.013479720959770347
2173,Graphite,0.6072921923686625
2173,Rare earths,0.9036914517883892
2173,Copper,0.10233295384993735
2174,Lithium,0.02968072034595437
2174,Nickel,0.07403282739940042
2174,Cobalt,0.024801247117975045
2174,Graphite,0.1720852468133378
2174,Rare earths,0.0890046816287251
2174,Copper,0.5123649429358688
2175,Lithium,0.06941316087594629
2175,Nickel,0.02169998010748131
2175,Cobalt,0.00325095659954755
2175,Graphite,0.68623742921109
2175,Rare earths,0.8604885449675681
2175,Copper,0.16853279001604804
2176,Lithium,0.05474728723321043
2176,Nickel,0.0030260830880415313
2176,Cobalt,0.0053340963192614055
2176,Graphite,0.6781934459764258
2176,Rare earths,0.8600053611488452
2176,Copper,0.137666881701195
