seed,resource_scaled,epsilon,mean_chi,mean_worstcase_loss_pct
2027,Lithium,-0.2,0.043615525840058476,8.90411006568107
2028,Lithium,-0.2,0.039759309873953985,8.493320159335493
2029,Lithium,-0.2,0.04664926455595538,8.37238615159541
2030,Lithium,-0.2,0.04916813600712665,8.643207813332191
2031,Lithium,-0.2,0.04624420030174464,8.550742429811368
2032,Lithium,-0.2,0.04571945671605702,9.310567226954245
2033,Lithium,-0.2,0.04656376341558603,8.798903454424229
2034,Lithium,-0.2,0.048221086221755985,9.046023433704923
2035,Lithium,-0.2,0.04254503188362899,7.9360955238676585
2036,Lithium,-0.2,0.04829244490463873,8.710796359858966
2037,Lithium,-0.2,0.04698963437528133,8.9827469966705
2038,Lithium,-0.2,0.046326873521856896,8.677795766980859
2039,Lithium,-0.2,0.04466575584194858,8.73623253283173
2040,Lithium,-0.2,0.04551628664453346,9.044743791406493
2041,Lithium,-0.2,0.040339355857966885,7.257044418366322
2042,Lithium,-0.2,0.04329412629693861,8.769751377736076
2043,Lithium,-0.2,0.04527650499858062,8.312015909586737
2044,Lithium,-0.2,0.04688024803189883,8.852738060104564
2045,Lithium,-0.2,0.045852922389693025,8.608404019180346
2046,Lithium,-0.2,0.03806809243848112,7.603254697288686
2047,Lithium,-0.2,0.044521294339630195,8.96117991726209
2048,Lithium,-0.2,0.052346984027367406,9.915422591147214
2049,Lithium,-0.2,0.04170260004824836,8.887975012923723
2050,Lithium,-0.2,0.04529534633624804,9.178117683212472
2051,Lithium,-0.2,0.05170207515621793,9.47832286284851
2052,Lithium,-0.2,0.04693866840752559,8.246896608307315
2053,Lithium,-0.2,0.046585644051514594,9.855123530596448
2054,Lithium,-0.2,0.04235355782394708,8.192517442748516
2055,Lithium,-0.2,0.04605751760105982,9.96885323924116
2056,Lithium,-0.2,0.048982339132685015,8.79478004612883
2057,Lithium,-0.2,0.04654679165414831,9.139304601788728
2058,Lithium,-0.2,0.04469393169395157,8.109556001753013
2059,Lithium,-0.2,0.046913939962945,8.532568791623053
2060,Lithium,-0.2,0.04500729245756676,8.793291025892215
2061,Lithium,-0.2,0.04458238145517998,8.040762564014909
2062,Lithium,-0.2,0.03998725635141358,8.082401917778217
2063,Lithium,-0.2,0.04493843182937135,9.163801598057471
2064,Lithium,-0.2,0.04837321768379973,9.001920464547382
2065,Lithium,-0.2,0.047996601737524666,9.27771540436238
2066,Lithium,-0.2,0.04783986216536584,8.033293713141104
2067,Lithium,-0.2,0.03678628790320972,7.036325973333765
2068,Lithium,-0.2,0.04573282125626328,9.14748212294767
2069,Lithium,-0.2,0.043970687692003824,8.973462609847797
2070,Lithium,-0.2,0.04136697690413236,7.968937892203489
2071,Lithium,-0.2,0.04206585562838326,8.784153739000928
2072,Lithium,-0.2,0.042153656553294463,9.293467277300042
2073,Lithium,-0.2,0.04176779045188017,8.361114954428324
2074,Lithium,-0.2,0.04500385085976667,8.33716418533235
2075,Lithium,-0.2,0.03880090050834312,8.078860377361156
2076,Lithium,-0.2,0.046600603942681104,8.997201051654745
2027,Nickel,-0.2,0.03856509222311463,7.841238266302534
2028,Nickel,-0.2,0.045346117345313366,8.991931148562283
2029,Nickel,-0.2,0.052900735823779056,9.462774679212039
2030,Nickel,-0.2,0.04204927728670116,8.70853824822464
2031,Nickel,-0.2,0.04584947926513745,8.858537778738377
2032,Nickel,-0.2,0.05216128899530388,10.285136111086572
2033,Nickel,-0.2,0.04727491263458317,8.89449064122559
2034,Nickel,-0.2,0.046961766264581116,9.0345630508597
2035,Nickel,-0.2,0.04273197265486263,8.172461552599751
2036,Nickel,-0.2,0.04671938354760073,9.671782592921769
2037,Nickel,-0.2,0.049170053180833034,9.156723270888579
2038,Nickel,-0.2,0.04693895314439196,9.128353020953188
2039,Nickel,-0.2,0.045138531318026705,8.60945134872404
2040,Nickel,-0.2,0.04719164291878734,9.150240190883936
2041,Nickel,-0.2,0.045466601378076406,8.527356771204452
2042,Nickel,-0.2,0.04505420052855023,8.88070335066204
2043,Nickel,-0.2,0.04032873575205896,8.147026755439521
2044,Nickel,-0.2,0.04550082429794188,9.595566964405226
2045,Nickel,-0.2,0.048850322724234216,9.691169848088016
2046,Nickel,-0.2,0.04859101896417988,8.916983315955084
2047,Nickel,-0.2,0.04821405635447701,8.711970306130105
2048,Nickel,-0.2,0.037163142301809615,7.602795918523585
2049,Nickel,-0.2,0.04633840740230797,9.50732065633543
2050,Nickel,-0.2,0.04445090744713814,9.262100291898369
2051,Nickel,-0.2,0.04181209433026671,7.9181094599574635
2052,Nickel,-0.2,0.04252992442894889,8.225747716735466
2053,Nickel,-0.2,0.04250235876240658,9.436144171380958
2054,Nickel,-0.2,0.04228792627393921,8.453501716741124
2055,Nickel,-0.2,0.04550180086972992,8.89536068291784
2056,Nickel,-0.2,0.03905604427422968,8.39727917641418
2057,Nickel,-0.2,0.04730269685979908,9.713968925850647
2058,Nickel,-0.2,0.046674846894943466,8.702760618345167
2059,Nickel,-0.2,0.044584389235755875,8.11306467384937
2060,Nickel,-0.2,0.05013372106926882,9.569588994406484
2061,Nickel,-0.2,0.04719179019522862,9.123876753643382
2062,Nickel,-0.2,0.05266518705667429,9.14309243926066
2063,Nickel,-0.2,0.042842772123961516,8.476761163498253
2064,Nickel,-0.2,0.039491552271418824,8.481899307502793
2065,Nickel,-0.2,0.042645168842634404,9.579522376845095
2066,Nickel,-0.2,0.04282511878596446,7.170843882075928
2067,Nickel,-0.2,0.04589302136656056,8.685181723079673
2068,Nickel,-0.2,0.04945774293352529,8.650993972739595
2069,Nickel,-0.2,0.044126664234765696,8.942313185707551
2070,Nickel,-0.2,0.043277547864389004,8.474232452752949
2071,Nickel,-0.2,0.04057285113135696,8.217612579490643
2072,Nickel,-0.2,0.044834420509134505,9.037206260176607
2073,Nickel,-0.2,0.04748353555005045,9.495159748482148
2074,Nickel,-0.2,0.04556084930504083,8.797933606433213
2075,Nickel,-0.2,0.04300138237378454,9.073379507492806
2076,Nickel,-0.2,0.04370057402060666,7.56957803153747
2027,Cobalt,-0.2,0.04809289773284394,9.017502086623049
2028,Cobalt,-0.2,0.04789461215803474,8.583481945594182
2029,Cobalt,-0.2,0.03692510556220126,7.109428783126907
2030,Cobalt,-0.2,0.045951627912314136,9.182357986118605
2031,Cobalt,-0.2,0.04405011006027445,8.711143877669391
2032,Cobalt,-0.2,0.041559042617670294,8.461273589466328
2033,Cobalt,-0.2,0.04210386045007862,8.69216867084248
2034,Cobalt,-0.2,0.04221447515373824,8.55893784058274
2035,Cobalt,-0.2,0.04179527563469496,8.253706827541311
2036,Cobalt,-0.2,0.045063248968278916,8.437945817561733
2037,Cobalt,-0.2,0.03881412524601911,8.604495626782418
2038,Cobalt,-0.2,0.04666145071705752,9.504034466498767
2039,Cobalt,-0.2,0.04612489502287399,9.035185215867354
2040,Cobalt,-0.2,0.044225010804056004,8.566376440550325
2041,Cobalt,-0.2,0.04992287033749786,9.115044219150594
2042,Cobalt,-0.2,0.0467950366444103,9.88757043334889
2043,Cobalt,-0.2,0.05215801372091221,9.059217846667016
2044,Cobalt,-0.2,0.04254142462210425,8.703680407392676
2045,Cobalt,-0.2,0.039148821291377325,8.954327118589983
2046,Cobalt,-0.2,0.042298890694460335,9.032823683932241
2047,Cobalt,-0.2,0.04255641378386214,7.6608985056618675
2048,Cobalt,-0.2,0.04562694037266611,9.232887526617056
2049,Cobalt,-0.2,0.04940450141045784,8.844298888023676
2050,Cobalt,-0.2,0.04370836781753595,9.048710220648942
2051,Cobalt,-0.2,0.04298744479609803,8.27599212095545
2052,Cobalt,-0.2,0.04023296894098921,7.5457040711908245
2053,Cobalt,-0.2,0.04437737728386184,9.049606678443293
2054,Cobalt,-0.2,0.047139164312934786,9.393103705538913
2055,Cobalt,-0.2,0.04520736602691575,9.215967871890857
2056,Cobalt,-0.2,0.04272315108422582,9.29304323667465
2057,Cobalt,-0.2,0.04339551424595893,7.993795511317552
2058,Cobalt,-0.2,0.04191283148148941,8.298209311860845
2059,Cobalt,-0.2,0.044246734595067505,8.398478341998521
2060,Cobalt,-0.2,0.05219308589565447,10.122787765932022
2061,Cobalt,-0.2,0.038471352050300216,8.088382528782256
2062,Cobalt,-0.2,0.04555634436234168,8.756807208150912
2063,Cobalt,-0.2,0.050640200383684573,9.911983450248979
2064,Cobalt,-0.2,0.046771732393538115,8.53100709458561
2065,Cobalt,-0.2,0.04484359117588336,8.915898657222353
2066,Cobalt,-0.2,0.04579794803912775,8.452611850571525
2067,Cobalt,-0.2,0.04277426342720624,9.06288115464335
2068,Cobalt,-0.2,0.04985254686206399,8.8587341289976
2069,Cobalt,-0.2,0.046916698323600035,9.692283964152441
2070,Cobalt,-0.2,0.04096434261891002,7.452952673616423
2071,Cobalt,-0.2,0.036472743537981064,7.668812486083451
2072,Cobalt,-0.2,0.042237640149245755,8.060287101529626
2073,Cobalt,-0.2,0.05070274623468739,9.67150632125101
2074,Cobalt,-0.2,0.043088478326145145,8.761897054077863
2075,Cobalt,-0.2,0.045736327804048224,8.92444548985449
2076,Cobalt,-0.2,0.04383609975930585,8.742300976200784
2027,Graphite,-0.2,0.0403522420438585,8.730126959955303
2028,Graphite,-0.2,0.04166054355202646,7.209502094739982
2029,Graphite,-0.2,0.04422785886980373,8.256937427719278
2030,Graphite,-0.2,0.04789164574300607,8.093042948029122
2031,Graphite,-0.2,0.04235268070369809,8.199653952934707
2032,Graphite,-0.2,0.04173611098225065,8.50972740121903
2033,Graphite,-0.2,0.039079177018233054,7.697851637284219
2034,Graphite,-0.2,0.04290221198939769,7.865392639272159
2035,Graphite,-0.2,0.04594111329970668,8.91833823264123
2036,Graphite,-0.2,0.04407192152377733,8.438308759703414
2037,Graphite,-0.2,0.04160599221425346,9.193815960956236
2038,Graphite,-0.2,0.04227596661426995,7.422574807564894
2039,Graphite,-0.2,0.04006891499317162,8.189076611104909
2040,Graphite,-0.2,0.04304702257092539,8.531000739360802
2041,Graphite,-0.2,0.05073650621291217,9.278574769817597
2042,Graphite,-0.2,0.037121628744812105,8.366703309724315
2043,Graphite,-0.2,0.04431441528891072,8.396412135686816
2044,Graphite,-0.2,0.04878478320947532,9.768840921886644
2045,Graphite,-0.2,0.0456390081631928,8.708528785288618
2046,Graphite,-0.2,0.04345719441201314,8.022806758754943
2047,Graphite,-0.2,0.04460507877040787,8.721849883603138
2048,Graphite,-0.2,0.04127878680842521,9.242714083005344
2049,Graphite,-0.2,0.048761653128504674,8.628639961843954
2050,Graphite,-0.2,0.045568337289114406,9.471811707727122
2051,Graphite,-0.2,0.03997678984807596,6.889789828456112
2052,Graphite,-0.2,0.03548620590718227,6.730435887409646
2053,Graphite,-0.2,0.041203099980286005,7.704912104711153
2054,Graphite,-0.2,0.049151278582407455,9.159672405276464
2055,Graphite,-0.2,0.04121190839483208,8.662474268452325
2056,Graphite,-0.2,0.04453707246633937,8.82349110085992
2057,Graphite,-0.2,0.04230728906111194,8.878915002060015
2058,Graphite,-0.2,0.042099134549593,8.348790642646387
2059,Graphite,-0.2,0.04138533769532599,7.930033907545818
2060,Graphite,-0.2,0.04281129835788609,9.086639369223045
2061,Graphite,-0.2,0.04218614835993497,7.782121448904138
2062,Graphite,-0.2,0.04281755366580936,8.130851698452444
2063,Graphite,-0.2,0.03953725503532239,7.813860767276118
2064,Graphite,-0.2,0.045576339785361686,7.434343383000993
2065,Graphite,-0.2,0.04862035521738252,9.318899996982664
2066,Graphite,-0.2,0.03781620938959991,7.19028852083498
2067,Graphite,-0.2,0.04280505771971371,7.826341909634995
2068,Graphite,-0.2,0.04562167183178057,8.157890126552825
2069,Graphite,-0.2,0.04378385826543485,8.80715421419374
2070,Graphite,-0.2,0.04172760876054004,7.25727001173685
2071,Graphite,-0.2,0.0390400357098644,7.620103208434282
2072,Graphite,-0.2,0.0378677459293696,8.225925443533303
2073,Graphite,-0.2,0.05058083888497017,9.058290282497472
2074,Graphite,-0.2,0.03892343716061901,7.78894139932967
2075,Graphite,-0.2,0.04304170790795131,8.859951174401271
2076,Graphite,-0.2,0.041113743396447064,8.141376951892315
2027,Rare earths,-0.2,0.04369548229165172,8.228007859607308
2028,Rare earths,-0.2,0.04409090732566166,8.4725980238014
2029,Rare earths,-0.2,0.040578652993649114,8.611495505486596
2030,Rare earths,-0.2,0.04893229524511295,8.393044788110931
2031,Rare earths,-0.2,0.045047982500779696,8.971681682363329
2032,Rare earths,-0.2,0.04012419392454337,7.43437706889209
2033,Rare earths,-0.2,0.03551784568024326,7.127102565975791
2034,Rare earths,-0.2,0.04134590283872904,6.995387142049256
2035,Rare earths,-0.2,0.049449581764279646,9.15729293612917
2036,Rare earths,-0.2,0.041638771439013414,8.461580667118046
2037,Rare earths,-0.2,0.04398051255805,9.008006140246033
2038,Rare earths,-0.2,0.04217859730919897,8.740727214793083
2039,Rare earths,-0.2,0.042134665940760055,8.796630772056663
2040,Rare earths,-0.2,0.041311306643633014,8.46852493887295
2041,Rare earths,-0.2,0.04280166863787633,8.703324942917904
2042,Rare earths,-0.2,0.04237566375956501,8.472289682867665
2043,Rare earths,-0.2,0.04239804253932688,8.071258315816232
2044,Rare earths,-0.2,0.039552828645515514,8.021943299479663
2045,Rare earths,-0.2,0.04594953949355823,7.937156161577732
2046,Rare earths,-0.2,0.04841625163676662,8.796503376943367
2047,Rare earths,-0.2,0.037792656721260955,7.701445579718738
2048,Rare earths,-0.2,0.04318202119268625,8.330068539101939
2049,Rare earths,-0.2,0.04535284800139572,8.310790803451678
2050,Rare earths,-0.2,0.04292113480109865,8.772632290963552
2051,Rare earths,-0.2,0.04175898010648334,7.034817000665322
2052,Rare earths,-0.2,0.03889118950128602,7.067036703659167
2053,Rare earths,-0.2,0.03747396431394774,8.193987182321218
2054,Rare earths,-0.2,0.05058056731410663,9.07386206652598
2055,Rare earths,-0.2,0.038664002886626726,8.067709486418869
2056,Rare earths,-0.2,0.04225191886196006,9.024874534441873
2057,Rare earths,-0.2,0.041184615390364866,8.72050272597142
2058,Rare earths,-0.2,0.040655923080336887,8.309315688570502
2059,Rare earths,-0.2,0.04525698098255411,8.072087862608926
2060,Rare earths,-0.2,0.039001390851464014,8.840104695602044
2061,Rare earths,-0.2,0.051777782167496254,8.599701873705648
2062,Rare earths,-0.2,0.03867082012654376,6.376452675621888
2063,Rare earths,-0.2,0.04579540452356782,8.984518079272878
2064,Rare earths,-0.2,0.04233701946179676,8.309921034004777
2065,Rare earths,-0.2,0.0442948455661723,8.798250762907106
2066,Rare earths,-0.2,0.038851561951562766,7.445917198066217
2067,Rare earths,-0.2,0.04023584333548341,7.521058688002152
2068,Rare earths,-0.2,0.039953686462143964,7.836604821025629
2069,Rare earths,-0.2,0.040827063067812384,8.521783082442957
2070,Rare earths,-0.2,0.04520540527456159,8.568612866442177
2071,Rare earths,-0.2,0.04002611941984624,7.732489918906215
2072,Rare earths,-0.2,0.047384287424332594,8.669245628358274
2073,Rare earths,-0.2,0.04345561932332158,8.383314765380145
2074,Rare earths,-0.2,0.045646583115860735,8.710922324540311
2075,Rare earths,-0.2,0.0409965150307378,7.1843186077293435
2076,Rare earths,-0.2,0.0425614237828708,8.23671903297018
2027,Copper,-0.2,0.05289357375822186,10.172604406118955
2028,Copper,-0.2,0.04104005347829722,8.733960364596502
2029,Copper,-0.2,0.04569131231089687,8.914996405723908
2030,Copper,-0.2,0.04882525589625846,9.155186675382833
2031,Copper,-0.2,0.04818095636694915,9.537849892335059
2032,Copper,-0.2,0.043540413373227435,8.546423107393736
2033,Copper,-0.2,0.04216145348643664,8.55998862090922
2034,Copper,-0.2,0.041130374914079434,8.440586313963866
2035,Copper,-0.2,0.055016992977689694,10.096574084162144
2036,Copper,-0.2,0.04172407105203553,8.87632812175659
2037,Copper,-0.2,0.04727034010698854,10.339750328557646
2038,Copper,-0.2,0.045050464825873236,9.681069044454699
2039,Copper,-0.2,0.04487246082327171,9.973211101747488
2040,Copper,-0.2,0.04877855480059178,9.702817066000962
2041,Copper,-0.2,0.04287219740755109,9.681201885116957
2042,Copper,-0.2,0.05658040154072921,10.54873471881729
2043,Copper,-0.2,0.040189667205653284,7.2204931981493035
2044,Copper,-0.2,0.05022878701852925,10.359844280797521
2045,Copper,-0.2,0.04750247384408858,10.065988847769313
2046,Copper,-0.2,0.04877014130732997,9.379600746085377
2047,Copper,-0.2,0.0421652982206138,8.938909420839733
2048,Copper,-0.2,0.042798294336890114,9.000018948915859
2049,Copper,-0.2,0.04245230007721105,9.025962604153468
2050,Copper,-0.2,0.04423779866856199,9.881612404864416
2051,Copper,-0.2,0.049477461633702965,9.431626294252219
2052,Copper,-0.2,0.04308174397958882,8.186979720269965
2053,Copper,-0.2,0.050727941558785426,9.849512569691353
2054,Copper,-0.2,0.0472180503636739,9.39861663845339
2055,Copper,-0.2,0.05065763993337532,10.370453042782362
2056,Copper,-0.2,0.04325253378351686,8.545842416525613
2057,Copper,-0.2,0.04652875690891119,10.00865463148917
2058,Copper,-0.2,0.04934165878415305,9.538482092419443
2059,Copper,-0.2,0.04619103556374525,9.198632322164169
2060,Copper,-0.2,0.049648982386779436,8.43139209752041
2061,Copper,-0.2,0.04719029029013197,8.392596845455689
2062,Copper,-0.2,0.0441328456141588,8.751533796990984
2063,Copper,-0.2,0.05121475180609778,9.318697171888385
2064,Copper,-0.2,0.0512782365402815,9.62690424951534
2065,Copper,-0.2,0.04158528370163008,8.747044752139931
2066,Copper,-0.2,0.04282523642577818,8.247429254641613
2067,Copper,-0.2,0.04399350619060026,8.751660206039812
2068,Copper,-0.2,0.04905854950765352,9.917375869353858
2069,Copper,-0.2,0.039677929520452446,8.219159342296187
2070,Copper,-0.2,0.043740092419518685,8.63560577709726
2071,Copper,-0.2,0.046556807772580824,9.983986028868587
2072,Copper,-0.2,0.04754976459482636,9.196403279889534
2073,Copper,-0.2,0.05236214231908679,9.58195072075831
2074,Copper,-0.2,0.04111330866408454,8.849499500404836
2075,Copper,-0.2,0.0462672240957553,8.989191020141567
2076,Copper,-0.2,0.04613852872713576,9.170637052990298
2027,Lithium,-0.1,0.0425003446351677,7.774191137381118
2028,Lithium,-0.1,0.04017364382959578,7.906698760651226
2029,Lithium,-0.1,0.03889903601162309,8.109241005496262
2030,Lithium,-0.1,0.05220641399720296,9.556433428601325
2031,Lithium,-0.1,0.03990043692095603,8.28406385760758
2032,Lithium,-0.1,0.04441910386148815,9.684036580079908
2033,Lithium,-0.1,0.042582215273012244,8.882365972724461
2034,Lithium,-0.1,0.04249900900757651,8.56654524466269
2035,Lithium,-0.1,0.04661944218324354,8.618613472949518
2036,Lithium,-0.1,0.040428865100245605,9.018805095485543
2037,Lithium,-0.1,0.05376543847768065,9.85296956489638
2038,Lithium,-0.1,0.03925641749091132,6.877648117926361
2039,Lithium,-0.1,0.047634440445464145,9.462993012974685
2040,Lithium,-0.1,0.0443530934571985,9.619764369110916
2041,Lithium,-0.1,0.04618942965153103,8.89993172672435
2042,Lithium,-0.1,0.04001982463752115,8.684105026371393
2043,Lithium,-0.1,0.04132233284182328,8.243556340853715
2044,Lithium,-0.1,0.04094102015862068,8.500733432698947
2045,Lithium,-0.1,0.0421562709795832,8.837495605329426
2046,Lithium,-0.1,0.04684891264513979,9.070616318511938
2047,Lithium,-0.1,0.04121377114391725,8.161507978590327
2048,Lithium,-0.1,0.048764213670355806,9.20255678806002
2049,Lithium,-0.1,0.044873441262770715,9.064760643134075
2050,Lithium,-0.1,0.047726877351971904,9.808921242958409
2051,Lithium,-0.1,0.04178408843840544,7.5247982281158245
2052,Lithium,-0.1,0.043999899182667626,8.446427048824706
2053,Lithium,-0.1,0.04625321171729823,9.436189225415381
2054,Lithium,-0.1,0.04453976466748414,8.866221231404282
2055,Lithium,-0.1,0.048647688543257336,8.245614097473632
2056,Lithium,-0.1,0.045778070483138825,8.264281213153435
2057,Lithium,-0.1,0.042074656765052114,8.398558242997277
2058,Lithium,-0.1,0.048699565478965576,8.25114656180196
2059,Lithium,-0.1,0.04875465614268147,9.212443548983375
2060,Lithium,-0.1,0.039682383739340146,8.14366859077159
2061,Lithium,-0.1,0.04068818174344615,7.857572053102044
2062,Lithium,-0.1,0.04166580501596491,8.506944850597069
2063,Lithium,-0.1,0.04666838216930086,9.27669192405656
2064,Lithium,-0.1,0.03839570775428227,7.005797879997727
2065,Lithium,-0.1,0.0422325402670949,8.560360136665258
2066,Lithium,-0.1,0.04431748620905188,8.639225842628877
2067,Lithium,-0.1,0.045685247656405636,8.136696853337172
2068,Lithium,-0.1,0.04977461742162229,9.027151399569648
2069,Lithium,-0.1,0.03961416202181204,8.651556672436339
2070,Lithium,-0.1,0.04483873902084366,8.407207601154447
2071,Lithium,-0.1,0.04369044374927028,9.021778507933398
2072,Lithium,-0.1,0.040511296011874656,7.7906917060180545
2073,Lithium,-0.1,0.04421921293929247,8.776333824694287
2074,Lithium,-0.1,0.04741070199344215,9.226230419948365
2075,Lithium,-0.1,0.045305958899618214,8.273972687435649
2076,Lithium,-0.1,0.043848866571486456,7.501172755046525
2027,Nickel,-0.1,0.04703889633515072,9.293565830663633
2028,Nickel,-0.1,0.04139869494149939,8.118219567866246
2029,Nickel,-0.1,0.04899220289629779,8.724408645360096
2030,Nickel,-0.1,0.04512119136549082,8.866828337116415
2031,Nickel,-0.1,0.04794007255331066,9.380335573352031
2032,Nickel,-0.1,0.04195509034691018,8.137232616064512
2033,Nickel,-0.1,0.04419406411215036,9.054860680258686
2034,Nickel,-0.1,0.04644386994087492,8.660831658719877
2035,Nickel,-0.1,0.044855419735440195,8.84566887606573
2036,Nickel,-0.1,0.04878968065843522,7.915578558162208
2037,Nickel,-0.1,0.04600721835388345,8.56700667858129
2038,Nickel,-0.1,0.04226552109478369,8.409684807326606
2039,Nickel,-0.1,0.0488750278710887,8.716676711515044
2040,Nickel,-0.1,0.04898424597110358,9.87429906839176
2041,Nickel,-0.1,0.03983604055320825,7.879090821712919
2042,Nickel,-0.1,0.04099533271706453,8.643072507477608
2043,Nickel,-0.1,0.04181255003963029,8.558687649859547
2044,Nickel,-0.1,0.04679284514790203,9.61239457361605
2045,Nickel,-0.1,0.03860271557875707,7.522685851164636
2046,Nickel,-0.1,0.04255914938993487,8.18956268008911
2047,Nickel,-0.1,0.04448642203157907,9.347116404986176
2048,Nickel,-0.1,0.04583126175678738,8.707535567249485
2049,Nickel,-0.1,0.05002767035908471,9.327204287984454
2050,Nickel,-0.1,0.03977633396706617,8.872224410399511
2051,Nickel,-0.1,0.045174133899563984,8.312281341208521
2052,Nickel,-0.1,0.04390335990661083,8.413786559162276
2053,Nickel,-0.1,0.0407309509062142,7.897248359913857
2054,Nickel,-0.1,0.04447514034188679,8.799208689967987
2055,Nickel,-0.1,0.04764453047651337,9.768373358587612
2056,Nickel,-0.1,0.04555451866258457,8.57869312498364
2057,Nickel,-0.1,0.04400038413979148,8.038571333108669
2058,Nickel,-0.1,0.04326860450216377,8.23250394197351
2059,Nickel,-0.1,0.051170640124440926,9.798855396521262
2060,Nickel,-0.1,0.046225357074378894,9.081615593649738
2061,Nickel,-0.1,0.04490890544497099,8.013777955323848
2062,Nickel,-0.1,0.044672644637975885,8.925710413010341
2063,Nickel,-0.1,0.041392832203112004,8.624665637275331
2064,Nickel,-0.1,0.0489652383133621,8.161136050787245
2065,Nickel,-0.1,0.04906592103056326,9.21067794366521
2066,Nickel,-0.1,0.0391115239649958,7.749657787731687
2067,Nickel,-0.1,0.04514134087567139,8.470210413639995
2068,Nickel,-0.1,0.0440211516597782,9.139762587363013
2069,Nickel,-0.1,0.04241619847939128,8.79941778641361
2070,Nickel,-0.1,0.04159510846485899,8.715508169489832
2071,Nickel,-0.1,0.03864194988505089,7.7300038805658655
2072,Nickel,-0.1,0.04186624439265333,8.739656115671895
2073,Nickel,-0.1,0.04332473148375378,8.92981456774358
2074,Nickel,-0.1,0.04944849215848435,9.982824207825537
2075,Nickel,-0.1,0.0437952984206824,8.899913862084482
2076,Nickel,-0.1,0.04502950733380638,8.27964556751338
2027,Cobalt,-0.1,0.04229306885815799,8.309856040182556
2028,Cobalt,-0.1,0.04435150474852365,9.20149066912111
2029,Cobalt,-0.1,0.045766404122037245,8.188979121055022
2030,Cobalt,-0.1,0.04980045826993368,9.031713918106515
2031,Cobalt,-0.1,0.039633141700735675,8.409708104899469
2032,Cobalt,-0.1,0.04494317847358933,8.89956700819522
2033,Cobalt,-0.1,0.04374636708872792,8.937094033948139
2034,Cobalt,-0.1,0.0405294344846043,7.161928229896603
2035,Cobalt,-0.1,0.044238932466080745,8.662610472493073
2036,Cobalt,-0.1,0.04742525088840162,9.305283957999823
2037,Cobalt,-0.1,0.045375171133733364,8.830274665380468
2038,Cobalt,-0.1,0.043877086026010696,7.948556952980306
2039,Cobalt,-0.1,0.04312633613328311,8.618853803686896
2040,Cobalt,-0.1,0.05090706520116811,10.378959845376105
2041,Cobalt,-0.1,0.045998924800310176,8.678823281527276
2042,Cobalt,-0.1,0.04478241954254553,8.731843361944206
2043,Cobalt,-0.1,0.044469607573150056,8.884329666403714
2044,Cobalt,-0.1,0.04115042988924792,8.855560222713788
2045,Cobalt,-0.1,0.04883794649105891,8.668675729457709
2046,Cobalt,-0.1,0.04885065282299912,8.716033168960575
2047,Cobalt,-0.1,0.038921040861380575,8.317633260711693
2048,Cobalt,-0.1,0.04492250654473025,9.020692084729028
2049,Cobalt,-0.1,0.043940826585594756,9.382789309709816
2050,Cobalt,-0.1,0.04231452144363164,8.945761065360154
2051,Cobalt,-0.1,0.04138188601696728,8.539530663387222
2052,Cobalt,-0.1,0.038523700384038816,7.129994506642321
2053,Cobalt,-0.1,0.04162596872949866,8.774123264645812
2054,Cobalt,-0.1,0.043014980977887834,8.836556629907857
2055,Cobalt,-0.1,0.04929233082267093,10.486069642484773
2056,Cobalt,-0.1,0.043618690135598506,9.145605757076757
2057,Cobalt,-0.1,0.04484754133530795,8.775492591588321
2058,Cobalt,-0.1,0.0470040312924168,8.548233975089076
2059,Cobalt,-0.1,0.04224982683492624,8.249307431087683
2060,Cobalt,-0.1,0.04514605841793729,9.355442087085377
2061,Cobalt,-0.1,0.03989637074722087,8.156133523306822
2062,Cobalt,-0.1,0.04491214463821243,8.493449205711396
2063,Cobalt,-0.1,0.03806158015761833,7.455938444532206
2064,Cobalt,-0.1,0.041569011823936,8.251434870369755
2065,Cobalt,-0.1,0.04739433926958035,9.712537551239556
2066,Cobalt,-0.1,0.04462179741464326,7.104836560525176
2067,Cobalt,-0.1,0.04522001937220736,8.075509159172046
2068,Cobalt,-0.1,0.04924491768187689,8.153814931145144
2069,Cobalt,-0.1,0.03998825414413654,8.332655924859155
2070,Cobalt,-0.1,0.05116538204036249,9.549596264818195
2071,Cobalt,-0.1,0.04535190288015346,7.866700848471515
2072,Cobalt,-0.1,0.04247055142095675,9.063680147522335
2073,Cobalt,-0.1,0.042109586979956294,8.185246334622473
2074,Cobalt,-0.1,0.041601411029269224,8.020765932701954
2075,Cobalt,-0.1,0.045499623559133374,8.477041617517381
2076,Cobalt,-0.1,0.04540346560743537,7.3777047770669615
2027,Graphite,-0.1,0.04816215465295663,8.666631037579446
2028,Graphite,-0.1,0.03835708036798755,7.998775708255005
2029,Graphite,-0.1,0.04408735482364955,8.280057501175389
2030,Graphite,-0.1,0.043169007970970355,8.85336594368498
2031,Graphite,-0.1,0.04158404674364149,8.286696159397216
2032,Graphite,-0.1,0.040772554998615304,8.982751338385842
2033,Graphite,-0.1,0.038132237717639114,7.454192876023081
2034,Graphite,-0.1,0.040919102416626676,7.797877741494172
2035,Graphite,-0.1,0.04216757378680873,8.496500286045954
2036,Graphite,-0.1,0.0483943800656977,9.809633742839178
2037,Graphite,-0.1,0.04289718558590096,9.18431134121646
2038,Graphite,-0.1,0.044315923231391385,8.55425280355084
2039,Graphite,-0.1,0.04629620083908557,8.77818278063368
2040,Graphite,-0.1,0.04156599116691574,8.566778884342792
2041,Graphite,-0.1,0.04431366687316689,8.733273459786533
2042,Graphite,-0.1,0.03916275185973724,8.647813720708648
2043,Graphite,-0.1,0.044327015336755496,8.306381804992022
2044,Graphite,-0.1,0.037570282417816146,7.471813280044583
2045,Graphite,-0.1,0.041040416958913126,8.64031099324267
2046,Graphite,-0.1,0.04670812638408051,9.028789182408895
2047,Graphite,-0.1,0.04421971058735207,7.695891632013394
2048,Graphite,-0.1,0.04429397962889875,8.370280273614469
2049,Graphite,-0.1,0.048842167697322345,8.387809231106013
2050,Graphite,-0.1,0.039445725558702106,8.287757250521324
2051,Graphite,-0.1,0.0502849023147819,9.13297637912427
2052,Graphite,-0.1,0.04500201327057623,7.299598980291114
2053,Graphite,-0.1,0.04162723192207278,8.886515051911099
2054,Graphite,-0.1,0.041462053567437464,7.908948796722333
2055,Graphite,-0.1,0.04103997974107841,8.24741184706031
2056,Graphite,-0.1,0.04486078277236408,8.552420802383446
2057,Graphite,-0.1,0.04501352969409976,7.89064229925039
2058,Graphite,-0.1,0.04320438917692071,8.24513646974014
2059,Graphite,-0.1,0.04944764319246478,9.239781271276048
2060,Graphite,-0.1,0.04074003410364674,8.048895826234858
2061,Graphite,-0.1,0.046641653169556686,7.899622925943101
2062,Graphite,-0.1,0.041167655624846554,8.63844758121944
2063,Graphite,-0.1,0.04455093895199451,8.292849260080496
2064,Graphite,-0.1,0.044225154636106004,8.19034489218205
2065,Graphite,-0.1,0.042422877104059786,8.710736380469035
2066,Graphite,-0.1,0.044227505529671154,7.754025742072509
2067,Graphite,-0.1,0.04750106657101151,8.502452053230218
2068,Graphite,-0.1,0.0453803901850512,8.700654975662568
2069,Graphite,-0.1,0.04359456269831842,8.441724491434446
2070,Graphite,-0.1,0.039734536719389646,7.964542905739151
2071,Graphite,-0.1,0.04553119728684699,8.304551346313389
2072,Graphite,-0.1,0.04301184882842816,8.918377123535793
2073,Graphite,-0.1,0.0478070173879113,8.692407100898352
2074,Graphite,-0.1,0.04242653283099214,8.447353744062415
2075,Graphite,-0.1,0.04880408705421844,8.42093873324269
2076,Graphite,-0.1,0.040098236017376665,7.764943377278932
2027,Rare earths,-0.1,0.04620353385545386,9.112626158382954
2028,Rare earths,-0.1,0.04444694723490872,7.636136898836789
2029,Rare earths,-0.1,0.04468793670770659,7.978143949802792
2030,Rare earths,-0.1,0.04882301530727867,8.202270363548692
2031,Rare earths,-0.1,0.03946109184198923,7.8917738870167735
2032,Rare earths,-0.1,0.050226472474664975,9.842741991615071
2033,Rare earths,-0.1,0.04510776261535483,7.86418024342787
2034,Rare earths,-0.1,0.04178252821130393,8.088106081012803
2035,Rare earths,-0.1,0.04166080033682086,7.870361091900213
2036,Rare earths,-0.1,0.04103943134064507,7.880534198540991
2037,Rare earths,-0.1,0.0447344151935261,8.79720942656121
2038,Rare earths,-0.1,0.04512067797470293,7.857718716140599
2039,Rare earths,-0.1,0.04291839994423257,8.63647040028907
2040,Rare earths,-0.1,0.049258193564135494,9.783696065204165
2041,Rare earths,-0.1,0.04079021205689539,7.7041826041514465
2042,Rare earths,-0.1,0.04635301836068858,8.540884955636225
2043,Rare earths,-0.1,0.04096468116037487,8.61924006963992
2044,Rare earths,-0.1,0.0444561094781835,8.533032802002841
2045,Rare earths,-0.1,0.04427267027188375,8.680638198480475
2046,Rare earths,-0.1,0.04251831589259304,8.313134072382224
2047,Rare earths,-0.1,0.04421361314787529,8.32819462688235
2048,Rare earths,-0.1,0.047474822669872144,9.081956394611026
2049,Rare earths,-0.1,0.04551213892558079,8.92625285451101
2050,Rare earths,-0.1,0.04338581938701304,8.552320964059081
2051,Rare earths,-0.1,0.0397476083995362,7.807114285400713
2052,Rare earths,-0.1,0.04527452856190456,7.588586800715648
2053,Rare earths,-0.1,0.04298038770651587,8.964942369172793
2054,Rare earths,-0.1,0.04771166837286315,8.597414784243535
2055,Rare earths,-0.1,0.04251264023838064,8.931110289543199
2056,Rare earths,-0.1,0.048709944265542184,8.63739667623609
2057,Rare earths,-0.1,0.03988129022174143,8.226144093660853
2058,Rare earths,-0.1,0.040151416133263354,7.846084985986872
2059,Rare earths,-0.1,0.04406132266695071,8.31292098730287
2060,Rare earths,-0.1,0.04498901719484948,8.102680116678226
2061,Rare earths,-0.1,0.04235684674003422,8.123626475061851
2062,Rare earths,-0.1,0.053245419646225776,8.860580260976338
2063,Rare earths,-0.1,0.04200371179403516,8.43875560126638
2064,Rare earths,-0.1,0.04275206414931813,7.332758262347769
2065,Rare earths,-0.1,0.04548871525054189,9.642609784338754
2066,Rare earths,-0.1,0.04710520400348081,7.556887488815805
2067,Rare earths,-0.1,0.04346256515034735,7.6306965992533975
2068,Rare earths,-0.1,0.04415054971873442,8.058610930637148
2069,Rare earths,-0.1,0.04694392092925178,8.935440332454448
2070,Rare earths,-0.1,0.039165617442928895,8.03943640093452
2071,Rare earths,-0.1,0.04091617546240085,8.048047037373113
2072,Rare earths,-0.1,0.04886670689693403,9.452014930487206
2073,Rare earths,-0.1,0.0492942289656242,8.891547241292374
2074,Rare earths,-0.1,0.04223739138750194,8.221974468721632
2075,Rare earths,-0.1,0.043515506359556796,8.253835391034213
2076,Rare earths,-0.1,0.04710458849119479,7.754986866670386
2027,Copper,-0.1,0.044346651269607455,8.950508031098014
2028,Copper,-0.1,0.04566741539535422,8.783352920327369
2029,Copper,-0.1,0.049259416535292096,9.012664055416524
2030,Copper,-0.1,0.04688338741321165,9.167817160589973
2031,Copper,-0.1,0.04482938646524137,8.6378540746978
2032,Copper,-0.1,0.041122530846489605,8.892714420035066
2033,Copper,-0.1,0.04664957631576587,8.635935799510696
2034,Copper,-0.1,0.04517024976319863,8.637983256041403
2035,Copper,-0.1,0.04913287887648673,9.038346403856455
2036,Copper,-0.1,0.04398944889173299,9.011345153480248
2037,Copper,-0.1,0.050257093515652704,9.45514536718151
2038,Copper,-0.1,0.04158114343661111,8.712721286059027
2039,Copper,-0.1,0.04185188517950088,8.798261947734433
2040,Copper,-0.1,0.04536128376293279,9.339448992918383
2041,Copper,-0.1,0.0462371422867255,8.29818548107972
2042,Copper,-0.1,0.043474159023999655,9.29814735888328
2043,Copper,-0.1,0.055457565186045964,9.42182743753183
2044,Copper,-0.1,0.04377060905839921,9.26045817564937
2045,Copper,-0.1,0.04391549906131693,8.360130779350055
2046,Copper,-0.1,0.04758376082107414,9.669492865464472
2047,Copper,-0.1,0.048142767997727064,8.458321781110646
2048,Copper,-0.1,0.04423503435901467,8.671248336206615
2049,Copper,-0.1,0.045259433107298866,8.805836436135156
2050,Copper,-0.1,0.048635892155383054,9.651805306470655
2051,Copper,-0.1,0.04062087506646462,8.362458105648972
2052,Copper,-0.1,0.042406655053454034,7.902629419948829
2053,Copper,-0.1,0.05107961571331656,10.056038905434955
2054,Copper,-0.1,0.05127005187736785,9.381867821179458
2055,Copper,-0.1,0.04431204958482508,9.247594703313966
2056,Copper,-0.1,0.04515517804339769,9.052990811304918
2057,Copper,-0.1,0.04805012163548443,8.832424163437905
2058,Copper,-0.1,0.04637841184245239,8.73318156792981
2059,Copper,-0.1,0.04829880243472141,9.398449985106579
2060,Copper,-0.1,0.045086331424247006,8.646388411096854
2061,Copper,-0.1,0.04828074338792114,8.235691472554782
2062,Copper,-0.1,0.04119539240112126,7.928715846123278
2063,Copper,-0.1,0.048603584984568425,8.901437900152958
2064,Copper,-0.1,0.04407629694195163,8.01068937731885
2065,Copper,-0.1,0.04095315830967403,9.475009640511326
2066,Copper,-0.1,0.04330606818083671,7.9153536013115495
2067,Copper,-0.1,0.041289874969024,8.007604189879094
2068,Copper,-0.1,0.041185514655902436,7.634362653691608
2069,Copper,-0.1,0.04884515269185188,8.889374532141606
2070,Copper,-0.1,0.04365250355335855,8.492708658209716
2071,Copper,-0.1,0.04443617194918749,9.279277071642998
2072,Copper,-0.1,0.041012802214143704,8.4843107612773
2073,Copper,-0.1,0.04498612946178208,8.722965261406548
2074,Copper,-0.1,0.04369256884061109,9.42107516129535
2075,Copper,-0.1,0.04550931651291128,9.232869960375925
2076,Copper,-0.1,0.04766168147194231,8.337828178773801
2027,Lithium,0.0,0.040294416946898295,8.364547529121378
2028,Lithium,0.0,0.045909741127006895,8.300599745562716
2029,Lithium,0.0,0.04377825438398454,8.647342127560934
2030,Lithium,0.0,0.0483115120427852,8.860839581952867
2031,Lithium,0.0,0.043102019701556867,8.772985201032515
2032,Lithium,0.0,0.04934122301787689,9.067359235515958
2033,Lithium,0.0,0.04058700390352557,8.231914604984535
2034,Lithium,0.0,0.040824651864508205,7.80958624265796
2035,Lithium,0.0,0.04458232803752411,8.639459003614926
2036,Lithium,0.0,0.04546301523734571,8.012760904722825
2037,Lithium,0.0,0.04276482379197261,8.998332515093404
2038,Lithium,0.0,0.05415971914985399,9.345000766307955
2039,Lithium,0.0,0.04266561015741997,8.657229432777743
2040,Lithium,0.0,0.04320844865785861,8.239310696150229
2041,Lithium,0.0,0.04637587076451997,9.466483298954888
2042,Lithium,0.0,0.047501360707166526,8.476640310811565
2043,Lithium,0.0,0.04377644929158916,8.16428494806355
2044,Lithium,0.0,0.044514433806518816,8.507086104656874
2045,Lithium,0.0,0.047653936145002726,8.96527353719718
2046,Lithium,0.0,0.039701438122857854,8.28178992261065
2047,Lithium,0.0,0.041483821658927916,8.208511253641344
2048,Lithium,0.0,0.04972225328691935,9.709678759419095
2049,Lithium,0.0,0.050024392685995664,9.35249225492532
2050,Lithium,0.0,0.04311539530375955,9.034786294917364
2051,Lithium,0.0,0.04412164093478925,8.327535697323949
2052,Lithium,0.0,0.04749738297781757,7.756543573209285
2053,Lithium,0.0,0.045353529279880005,8.998943637254822
2054,Lithium,0.0,0.047051787497663436,9.387646691209534
2055,Lithium,0.0,0.04436715081819899,8.381010720355304
2056,Lithium,0.0,0.047474792692782805,8.392283552590277
2057,Lithium,0.0,0.04050146583842301,7.876831533994998
2058,Lithium,0.0,0.04788242287645121,8.128382246674176
2059,Lithium,0.0,0.043348195973095985,7.905729270333299
2060,Lithium,0.0,0.03981841438081862,9.157017142789757
2061,Lithium,0.0,0.0427037948807788,7.833433471282301
2062,Lithium,0.0,0.04031207758810071,8.046053916473653
2063,Lithium,0.0,0.04084195237886146,7.415823008260335
2064,Lithium,0.0,0.0483964943695613,7.884443334136566
2065,Lithium,0.0,0.042801262762375426,8.706793168515942
2066,Lithium,0.0,0.04347806013786639,8.284224750433834
2067,Lithium,0.0,0.04013693984111592,7.701489941326807
2068,Lithium,0.0,0.04423083350463912,8.397124352442683
2069,Lithium,0.0,0.0425942978480342,9.537806803331026
2070,Lithium,0.0,0.04410480724804536,8.906605546549416
2071,Lithium,0.0,0.04684963439029419,8.484729776118641
2072,Lithium,0.0,0.04214640273827619,7.726097709865018
2073,Lithium,0.0,0.041626570025016685,7.382902454214428
2074,Lithium,0.0,0.04238449449028602,8.323413603630591
2075,Lithium,0.0,0.04393570831967307,8.33425530397812
2076,Lithium,0.0,0.045848312105308285,9.61395617464797
2027,Nickel,0.0,0.039701438122857854,8.441858721692181
2028,Nickel,0.0,0.041483821658927916,8.10859014310483
2029,Nickel,0.0,0.04972225328691935,9.148668563297486
2030,Nickel,0.0,0.050024392685995664,9.093676562127985
2031,Nickel,0.0,0.04311539530375955,8.578037758098544
2032,Nickel,0.0,0.04412164093478925,8.953172077792688
2033,Nickel,0.0,0.04749738297781757,8.270530327464892
2034,Nickel,0.0,0.045353529279880005,8.204159874915447
2035,Nickel,0.0,0.047051787497663436,9.280590885610687
2036,Nickel,0.0,0.04436715081819899,8.032285510472054
2037,Nickel,0.0,0.047474792692782805,8.661646975901053
2038,Nickel,0.0,0.04050146583842301,7.808708808813165
2039,Nickel,0.0,0.04788242287645121,8.546484856444621
2040,Nickel,0.0,0.043348195973095985,8.435679986747596
2041,Nickel,0.0,0.03981841438081862,8.783656949295125
2042,Nickel,0.0,0.0427037948807788,8.55576598384475
2043,Nickel,0.0,0.04031207758810071,8.063809279119749
2044,Nickel,0.0,0.04084195237886146,7.641441847936274
2045,Nickel,0.0,0.0483964943695613,8.420381308605595
2046,Nickel,0.0,0.042801262762375426,8.289844821650941
2047,Nickel,0.0,0.04347806013786639,8.936727117673549
2048,Nickel,0.0,0.04013693984111592,8.234947206958424
2049,Nickel,0.0,0.04423083350463912,8.623482379429799
2050,Nickel,0.0,0.0425942978480342,9.729636036835121
2051,Nickel,0.0,0.04410480724804536,8.752142017968401
2052,Nickel,0.0,0.04684963439029419,7.866166997811031
2053,Nickel,0.0,0.04214640273827619,7.782778499405012
2054,Nickel,0.0,0.041626570025016685,7.357510490076351
2055,Nickel,0.0,0.04238449449028602,8.779532093793096
2056,Nickel,0.0,0.04393570831967307,8.597291154569588
2057,Nickel,0.0,0.045848312105308285,10.248528549251375
2058,Nickel,0.0,0.040183022210770844,8.036162855953453
2059,Nickel,0.0,0.039489883126450805,8.038555074235855
2060,Nickel,0.0,0.049555515734925025,9.703964665466096
2061,Nickel,0.0,0.044043973730181776,8.114435143996683
2062,Nickel,0.0,0.04402655021573113,7.777224921746891
2063,Nickel,0.0,0.039847704841798684,8.185870835902175
2064,Nickel,0.0,0.04045868728240671,7.508299218322387
2065,Nickel,0.0,0.045687494458365084,9.353724921620849
2066,Nickel,0.0,0.04338011889598459,7.438909303833626
2067,Nickel,0.0,0.0434439215042711,7.192466174139303
2068,Nickel,0.0,0.04352048874323998,8.07933631684918
2069,Nickel,0.0,0.04647933340945243,9.436363569215619
2070,Nickel,0.0,0.04123012798478506,8.23925081266562
2071,Nickel,0.0,0.048862729548617534,9.60417958945877
2072,Nickel,0.0,0.04605214453828474,9.451197467925159
2073,Nickel,0.0,0.03971433342907581,7.728622721969731
2074,Nickel,0.0,0.04396500779360958,8.06071340125482
2075,Nickel,0.0,0.044949014177988376,7.779964476092107
2076,Nickel,0.0,0.04714207370673975,7.130345723938001
2027,Cobalt,0.0,0.042801262762375426,8.469142714296442
2028,Cobalt,0.0,0.04347806013786639,8.823143934606827
2029,Cobalt,0.0,0.04013693984111592,7.763931008223475
2030,Cobalt,0.0,0.04423083350463912,8.381417381042798
2031,Cobalt,0.0,0.0425942978480342,9.25221399831483
2032,Cobalt,0.0,0.04410480724804536,9.404839550483903
2033,Cobalt,0.0,0.04684963439029419,8.390170336744257
2034,Cobalt,0.0,0.04214640273827619,7.098398403110657
2035,Cobalt,0.0,0.041626570025016685,7.272383766363104
2036,Cobalt,0.0,0.04238449449028602,8.399858441033441
2037,Cobalt,0.0,0.04393570831967307,8.87525554201154
2038,Cobalt,0.0,0.045848312105308285,10.150243741505912
2039,Cobalt,0.0,0.040183022210770844,8.454589088186818
2040,Cobalt,0.0,0.039489883126450805,8.555579647267471
2041,Cobalt,0.0,0.049555515734925025,9.295062563061828
2042,Cobalt,0.0,0.044043973730181776,8.867068520872316
2043,Cobalt,0.0,0.04402655021573113,7.785464213325161
2044,Cobalt,0.0,0.039847704841798684,8.448196969032393
2045,Cobalt,0.0,0.04045868728240671,8.011254304708341
2046,Cobalt,0.0,0.045687494458365084,8.886330985423307
2047,Cobalt,0.0,0.04338011889598459,8.023883683205426
2048,Cobalt,0.0,0.0434439215042711,7.678052646382537
2049,Cobalt,0.0,0.04352048874323998,8.301579532739769
2050,Cobalt,0.0,0.04647933340945243,9.615111848734397
2051,Cobalt,0.0,0.04123012798478506,8.102455352756364
2052,Cobalt,0.0,0.048862729548617534,8.896733285093685
2053,Cobalt,0.0,0.04605214453828474,9.52037014444903
2054,Cobalt,0.0,0.03971433342907581,7.708239971638693
2055,Cobalt,0.0,0.04396500779360958,8.498555948872813
2056,Cobalt,0.0,0.044949014177988376,8.025721033000831
2057,Cobalt,0.0,0.04714207370673975,7.601223502743002
2058,Cobalt,0.0,0.047100563882632424,7.723501132263917
2059,Cobalt,0.0,0.0413681991449203,7.086408493514625
2060,Cobalt,0.0,0.04474669016208484,8.956678296721261
2061,Cobalt,0.0,0.04318876240324795,7.717464219043744
2062,Cobalt,0.0,0.04627834858807044,8.761261632673984
2063,Cobalt,0.0,0.04163577822733548,7.481529462959225
2064,Cobalt,0.0,0.04098336831044464,8.616993863204446
2065,Cobalt,0.0,0.0472392984221915,9.559817936122183
2066,Cobalt,0.0,0.04285142397279074,8.106025906238923
2067,Cobalt,0.0,0.04389031240246682,8.122686300681902
2068,Cobalt,0.0,0.045247995317788024,8.591305955965321
2069,Cobalt,0.0,0.042390114557720814,7.737838286303292
2070,Cobalt,0.0,0.044123841328320285,7.739498288455809
2071,Cobalt,0.0,0.038897132467470764,7.666238343721974
2072,Cobalt,0.0,0.045823762755547885,9.69913213806704
2073,Cobalt,0.0,0.05336930032277902,10.225016558954106
2074,Cobalt,0.0,0.04513468592841226,8.978992065848024
2075,Cobalt,0.0,0.04285172236756813,7.157146962454033
2076,Cobalt,0.0,0.04661616621229035,8.472892583504597
2027,Graphite,0.0,0.045687494458365084,9.049287923386734
2028,Graphite,0.0,0.04338011889598459,7.923433251051844
2029,Graphite,0.0,0.0434439215042711,7.247928372523172
2030,Graphite,0.0,0.04352048874323998,8.055831739868234
2031,Graphite,0.0,0.04647933340945243,9.153695225399819
2032,Graphite,0.0,0.04123012798478506,8.706301613104415
2033,Graphite,0.0,0.048862729548617534,9.49702991725755
2034,Graphite,0.0,0.04605214453828474,8.689030508328681
2035,Graphite,0.0,0.03971433342907581,7.640027114758252
2036,Graphite,0.0,0.04396500779360958,8.129881400379707
2037,Graphite,0.0,0.044949014177988376,8.285505881637743
2038,Graphite,0.0,0.04714207370673975,7.528110833301568
2039,Graphite,0.0,0.047100563882632424,8.126038293325406
2040,Graphite,0.0,0.0413681991449203,7.537102554818607
2041,Graphite,0.0,0.04474669016208484,8.578733113083633
2042,Graphite,0.0,0.04318876240324795,8.423287071136523
2043,Graphite,0.0,0.04627834858807044,8.771589311401737
2044,Graphite,0.0,0.04163577822733548,7.729696719814593
2045,Graphite,0.0,0.04098336831044464,9.190269743574277
2046,Graphite,0.0,0.0472392984221915,9.095918633748722
2047,Graphite,0.0,0.04285142397279074,8.737990014578337
2048,Graphite,0.0,0.04389031240246682,8.677153726871456
2049,Graphite,0.0,0.045247995317788024,8.829094788922475
2050,Graphite,0.0,0.042390114557720814,7.894645098213419
2051,Graphite,0.0,0.044123841328320285,7.602310179190769
2052,Graphite,0.0,0.038897132467470764,7.101894862514449
2053,Graphite,0.0,0.045823762755547885,9.77064841864354
2054,Graphite,0.0,0.05336930032277902,10.195284828799775
2055,Graphite,0.0,0.04513468592841226,9.461454083676925
2056,Graphite,0.0,0.04285172236756813,7.385422176787719
2057,Graphite,0.0,0.04661616621229035,9.020438960527546
2058,Graphite,0.0,0.04487029559287177,8.161924281770723
2059,Graphite,0.0,0.04699243222736338,8.78956380518311
2060,Graphite,0.0,0.04469339876230573,8.098127663443192
2061,Graphite,0.0,0.04607451166682103,8.322083592579906
2062,Graphite,0.0,0.04455781075071384,9.227023787305516
2063,Graphite,0.0,0.04672309842407966,9.525291639914757
2064,Graphite,0.0,0.03892158676848158,8.512020996984333
2065,Graphite,0.0,0.03779601396408293,8.71332566653296
2066,Graphite,0.0,0.041301484953399026,7.387461594094544
2067,Graphite,0.0,0.04214200473502411,7.174611679790347
2068,Graphite,0.0,0.046320840264142495,9.449027934590415
2069,Graphite,0.0,0.04381027380992246,8.800977501574833
2070,Graphite,0.0,0.04236173205175666,7.308886885230483
2071,Graphite,0.0,0.0440593919280134,8.969053368236933
2072,Graphite,0.0,0.04371269169032334,8.623954928446627
2073,Graphite,0.0,0.04396462353947177,8.655575438121893
2074,Graphite,0.0,0.04090369159602185,7.777702121081639
2075,Graphite,0.0,0.037400434610229044,8.029344388237496
2076,Graphite,0.0,0.041779402485655745,7.8926173283528716
2027,Rare earths,0.0,0.0472392984221915,9.271945511925697
2028,Rare earths,0.0,0.04285142397279074,8.636671164425554
2029,Rare earths,0.0,0.04389031240246682,8.189856441580213
2030,Rare earths,0.0,0.045247995317788024,8.592064440466748
2031,Rare earths,0.0,0.042390114557720814,7.50484260033638
2032,Rare earths,0.0,0.044123841328320285,8.16728647557192
2033,Rare earths,0.0,0.038897132467470764,7.5690763582057725
2034,Rare earths,0.0,0.045823762755547885,8.908909765631646
2035,Rare earths,0.0,0.05336930032277902,10.086033627647875
2036,Rare earths,0.0,0.04513468592841226,9.062634030537842
2037,Rare earths,0.0,0.04285172236756813,7.624529478634142
2038,Rare earths,0.0,0.04661616621229035,8.971252124559356
2039,Rare earths,0.0,0.04487029559287177,8.586857665702833
2040,Rare earths,0.0,0.04699243222736338,9.357170753336524
2041,Rare earths,0.0,0.04469339876230573,7.762802554192274
2042,Rare earths,0.0,0.04607451166682103,9.09501626708493
2043,Rare earths,0.0,0.04455781075071384,9.233363560654709
2044,Rare earths,0.0,0.04672309842407966,9.824830668476942
2045,Rare earths,0.0,0.03892158676848158,9.060077123498619
2046,Rare earths,0.0,0.03779601396408293,8.267025218198665
2047,Rare earths,0.0,0.041301484953399026,7.96404196100895
2048,Rare earths,0.0,0.04214200473502411,7.661622614916771
2049,Rare earths,0.0,0.046320840264142495,9.730382500903946
2050,Rare earths,0.0,0.04381027380992246,8.95510040588773
2051,Rare earths,0.0,0.04236173205175666,7.194653247581516
2052,Rare earths,0.0,0.0440593919280134,8.306562102771325
2053,Rare earths,0.0,0.04371269169032334,8.692157777900533
2054,Rare earths,0.0,0.04396462353947177,8.630503363162187
2055,Rare earths,0.0,0.04090369159602185,8.195526474643879
2056,Rare earths,0.0,0.037400434610229044,8.281978361446184
2057,Rare earths,0.0,0.041779402485655745,8.414840985632768
2058,Rare earths,0.0,0.04668965336699861,8.062360534781185
2059,Rare earths,0.0,0.04812461027047776,8.896031600698768
2060,Rare earths,0.0,0.04174235456576099,8.452089045426046
2061,Rare earths,0.0,0.044157014702278605,8.746130597670225
2062,Rare earths,0.0,0.04624773831641984,8.627146657397283
2063,Rare earths,0.0,0.04455324106196062,7.905596994300962
2064,Rare earths,0.0,0.04533162882171677,8.63683036690074
2065,Rare earths,0.0,0.04875683074744416,8.589271600352445
2066,Rare earths,0.0,0.04534031158943574,7.58517051772621
2067,Rare earths,0.0,0.04652749444860478,8.928577643762445
2068,Rare earths,0.0,0.03806550012618398,7.829453829237126
2069,Rare earths,0.0,0.044552060416691366,9.398185733595659
2070,Rare earths,0.0,0.04643063334810633,8.596678072385597
2071,Rare earths,0.0,0.042299646639372974,8.245499910746911
2072,Rare earths,0.0,0.05077379586687555,9.19681408254127
2073,Rare earths,0.0,0.03828901363681089,7.632143050743911
2074,Rare earths,0.0,0.0468746955505004,9.367679262310684
2075,Rare earths,0.0,0.04527219626487232,8.945315823511052
2076,Rare earths,0.0,0.04402235989868365,7.590424017328968
2027,Copper,0.0,0.03779601396408293,8.438064340198444
2028,Copper,0.0,0.041301484953399026,7.86068156300418
2029,Copper,0.0,0.04214200473502411,7.219787119732776
2030,Copper,0.0,0.046320840264142495,9.456226172142966
2031,Copper,0.0,0.04381027380992246,8.540507474239647
2032,Copper,0.0,0.04236173205175666,7.730286839371635
2033,Copper,0.0,0.0440593919280134,8.872185587859656
2034,Copper,0.0,0.04371269169032334,7.916684073862091
2035,Copper,0.0,0.04396462353947177,8.537935355393277
2036,Copper,0.0,0.04090369159602185,7.852843395604488
2037,Copper,0.0,0.037400434610229044,8.55288069925753
2038,Copper,0.0,0.041779402485655745,8.325294178710157
2039,Copper,0.0,0.04668965336699861,8.48818093024126
2040,Copper,0.0,0.04812461027047776,9.499522204566995
2041,Copper,0.0,0.04174235456576099,8.10131289097828
2042,Copper,0.0,0.044157014702278605,9.553375747205177
2043,Copper,0.0,0.04624773831641984,8.634721575613483
2044,Copper,0.0,0.04455324106196062,8.175153153997526
2045,Copper,0.0,0.04533162882171677,9.217080734809954
2046,Copper,0.0,0.04875683074744416,8.168223581618983
2047,Copper,0.0,0.04534031158943574,8.17273706872015
2048,Copper,0.0,0.04652749444860478,9.51286827748275
2049,Copper,0.0,0.03806550012618398,8.045906210783036
2050,Copper,0.0,0.044552060416691366,9.561738741107552
2051,Copper,0.0,0.04643063334810633,8.438543673030196
2052,Copper,0.0,0.042299646639372974,7.644495248850996
2053,Copper,0.0,0.05077379586687555,9.260337843060281
2054,Copper,0.0,0.03828901363681089,7.605217838634106
2055,Copper,0.0,0.0468746955505004,9.88030262501243
2056,Copper,0.0,0.04527219626487232,9.227079720864175
2057,Copper,0.0,0.04402235989868365,8.087171659147794
2058,Copper,0.0,0.040190777210060535,7.155672504998559
2059,Copper,0.0,0.03973619328537736,8.191914930675104
2060,Copper,0.0,0.045356665334310695,9.443886747425271
2061,Copper,0.0,0.03979996912623189,7.817164471985689
2062,Copper,0.0,0.050051504436992286,9.222214264397858
2063,Copper,0.0,0.04736226035557202,9.275222736875582
2064,Copper,0.0,0.047256137026764775,8.835478134751964
2065,Copper,0.0,0.04724995063100072,8.33650515813466
2066,Copper,0.0,0.04561952888397326,7.782932950224852
2067,Copper,0.0,0.044725371122150095,8.596804955285045
2068,Copper,0.0,0.04141143750444476,8.34618261493666
2069,Copper,0.0,0.050846818301018594,10.610382159753177
2070,Copper,0.0,0.04415320149082171,8.627301655137872
2071,Copper,0.0,0.04498212569648424,9.110047414798068
2072,Copper,0.0,0.0488247205712609,9.935967090594431
2073,Copper,0.0,0.04519118016720676,9.23122737314708
2074,Copper,0.0,0.043875380557376095,8.584513833457248
2075,Copper,0.0,0.04325587771903958,7.898434329104712
2076,Copper,0.0,0.04717712840065449,8.669296985708273
2027,Lithium,0.1,0.04232405299052033,7.504638137753496
2028,Lithium,0.1,0.04405577007013898,8.826211074296944
2029,Lithium,0.1,0.043688924919481356,8.166138032697816
2030,Lithium,0.1,0.04390717646036083,8.651706704136924
2031,Lithium,0.1,0.04089634162469553,7.871345293000408
2032,Lithium,0.1,0.037355973217315305,8.473350924636124
2033,Lithium,0.1,0.04174775635725568,8.166224473148858
2034,Lithium,0.1,0.04665115241529892,7.795414236975219
2035,Lithium,0.1,0.04808129538854515,9.02312050117503
2036,Lithium,0.1,0.041711405831659124,8.119530567548173
2037,Lithium,0.1,0.044115533868604354,9.50035953234078
2038,Lithium,0.1,0.04621284085418298,8.835786303195395
2039,Lithium,0.1,0.04449528828374812,7.91739751290463
2040,Lithium,0.1,0.04530912995374908,9.461971340846876
2041,Lithium,0.1,0.048707543884627814,8.239200174709714
2042,Lithium,0.1,0.04531830203644645,8.462427391272772
2043,Lithium,0.1,0.046457586262477965,9.276650821933373
2044,Lithium,0.1,0.038051022098919,8.079774160551676
2045,Lithium,0.1,0.04452867737730161,9.179312237484295
2046,Lithium,0.1,0.04640094530855148,8.647723754130093
2047,Lithium,0.1,0.04228291807015633,8.184838717618968
2048,Lithium,0.1,0.050745155176784504,9.229928806966665
2049,Lithium,0.1,0.038262451098537875,7.8412936255155525
2050,Lithium,0.1,0.04682271548622442,9.976325862373466
2051,Lithium,0.1,0.04523151756793172,8.805277038931782
2052,Lithium,0.1,0.044005575417860196,7.364157928268739
2053,Lithium,0.1,0.04011989802435841,7.58649324121299
2054,Lithium,0.1,0.039708044520784566,8.38130598220204
2055,Lithium,0.1,0.04532806240845931,9.460591007704162
2056,Lithium,0.1,0.03976130349756098,8.20941221618046
2057,Lithium,0.1,0.05003020563112094,9.526183262253
2058,Lithium,0.1,0.047331464733975585,8.82153926341547
2059,Lithium,0.1,0.04721566772740572,9.075280033766841
2060,Lithium,0.1,0.04716053617162215,8.328800070832452
2061,Lithium,0.1,0.045563047270821465,7.9563142993876514
2062,Lithium,0.1,0.04466306512225127,8.920028677970675
2063,Lithium,0.1,0.041369003092673585,8.343535783893527
2064,Lithium,0.1,0.050771336810896274,9.717072829455017
2065,Lithium,0.1,0.04410885343892876,9.151165814513346
2066,Lithium,0.1,0.044919383258994035,8.397812243848435
2067,Lithium,0.1,0.048796934288745465,9.333560610481204
2068,Lithium,0.1,0.04510485242698233,9.22701930891217
2069,Lithium,0.1,0.04380538442642573,8.959457391481964
2070,Lithium,0.1,0.0432205655242484,7.903902851746973
2071,Lithium,0.1,0.04711925323233791,9.077445811447557
2072,Lithium,0.1,0.04998299164508746,9.295511687948991
2073,Lithium,0.1,0.043311031401225955,7.967535817764231
2074,Lithium,0.1,0.0495868004320069,8.850619557738804
2075,Lithium,0.1,0.04178051335574311,8.066076778981246
2076,Lithium,0.1,0.04041132391357398,8.388381980535721
2027,Nickel,0.1,0.046172356043158516,8.752569980413536
2028,Nickel,0.1,0.04202645653181956,8.062521433960086
2029,Nickel,0.1,0.05051527015537508,8.67016074167588
2030,Nickel,0.1,0.03816826101921743,7.5934615565147965
2031,Nickel,0.1,0.0465071109868052,9.453254734242199
2032,Nickel,0.1,0.04501199735286101,9.409596676579952
2033,Nickel,0.1,0.043809680517223615,7.815241970360807
2034,Nickel,0.1,0.03999715601560528,6.88418017251373
2035,Nickel,0.1,0.039505288147330495,8.249556257333627
2036,Nickel,0.1,0.045120672442006356,9.036404075151712
2037,Nickel,0.1,0.03949317960022451,8.426880730479372
2038,Nickel,0.1,0.049769676281725864,9.412862359097122
2039,Nickel,0.1,0.04705295909870473,9.227608195125303
2040,Nickel,0.1,0.046991894082752186,9.620537531421363
2041,Nickel,0.1,0.04696394480301734,7.951339870222474
2042,Nickel,0.1,0.045381878355980024,8.664653394116277
2043,Nickel,0.1,0.04452070596588614,8.893977636367785
2044,Nickel,0.1,0.041187517583004735,8.566980358419205
2045,Nickel,0.1,0.05048772524944689,10.322133946375033
2046,Nickel,0.1,0.04392423417857687,8.6088767540861
2047,Nickel,0.1,0.044793060016392335,9.02130220762671
2048,Nickel,0.1,0.04849212850572719,9.918620107662047
2049,Nickel,0.1,0.044960933991593684,9.429500947645124
2050,Nickel,0.1,0.043666713958419034,9.113057986497395
2051,Nickel,0.1,0.04310376339594878,7.716856723827135
2052,Nickel,0.1,0.04687132329062564,8.362447609087054
2053,Nickel,0.1,0.04985654127749648,9.321306095934466
2054,Nickel,0.1,0.043112720952089914,7.902328150329796
2055,Nickel,0.1,0.04943088667410228,9.285433075712854
2056,Nickel,0.1,0.04160382424041175,8.298928892441422
2057,Nickel,0.1,0.04022562136868768,8.887645601855453
2058,Nickel,0.1,0.04279010662224715,8.687084512570499
2059,Nickel,0.1,0.05126097199303561,10.074613896482074
2060,Nickel,0.1,0.044958213133747135,7.834842465889369
2061,Nickel,0.1,0.046143866042590506,8.077827528827303
2062,Nickel,0.1,0.044559534440126974,8.322807730312588
2063,Nickel,0.1,0.04103215052862828,7.679671250185547
2064,Nickel,0.1,0.0467363189362482,8.433283988257829
2065,Nickel,0.1,0.03626379289940638,8.378247814384405
2066,Nickel,0.1,0.04279981727124034,8.152208592488421
2067,Nickel,0.1,0.04407354045693682,7.646607342242291
2068,Nickel,0.1,0.04773575070414531,7.752024302807348
2069,Nickel,0.1,0.04364499648899442,8.511811408764977
2070,Nickel,0.1,0.041872970266491984,7.324080740506444
2071,Nickel,0.1,0.04292403871635088,8.337544832875892
2072,Nickel,0.1,0.05409541231143243,9.723147961850172
2073,Nickel,0.1,0.047062733037992036,9.748161027976746
2074,Nickel,0.1,0.04375597653063058,8.002969312477106
2075,Nickel,0.1,0.04071009179541435,7.414259591881153
2076,Nickel,0.1,0.040395632906035914,7.822013338999715
2027,Cobalt,0.1,0.04407654605469396,8.832509669724464
2028,Cobalt,0.1,0.04492816767619077,8.937330448438209
2029,Cobalt,0.1,0.048723972901593325,9.400624172795812
2030,Cobalt,0.1,0.0450723281727049,9.191347707820631
2031,Cobalt,0.1,0.04379778614197694,8.68284208552855
2032,Cobalt,0.1,0.0431884735348766,8.333149797091231
2033,Cobalt,0.1,0.047083784759272884,8.963185696317037
2034,Cobalt,0.1,0.0499234580125444,8.532593586623848
2035,Cobalt,0.1,0.043234187857889815,7.8227317006050985
2036,Cobalt,0.1,0.04946605009268244,8.899150961572413
2037,Cobalt,0.1,0.041734019587889734,8.594188343258244
2038,Cobalt,0.1,0.04036475296191993,8.851553882828656
2039,Cobalt,0.1,0.04294461479763035,9.17028334283987
2040,Cobalt,0.1,0.05148067172392897,10.779848297333633
2041,Cobalt,0.1,0.04507818600770512,7.508339092336856
2042,Cobalt,0.1,0.04629413002332966,8.844578156567648
2043,Cobalt,0.1,0.044792279434587426,8.37252860257204
2044,Cobalt,0.1,0.0411690957519371,7.927847287414442
2045,Cobalt,0.1,0.04697526913685071,9.018658644559707
2046,Cobalt,0.1,0.03643897351037475,8.003399101104426
2047,Cobalt,0.1,0.042944300349443146,8.820952546271881
2048,Cobalt,0.1,0.04417052409502893,8.19154129226474
2049,Cobalt,0.1,0.04795443928910864,7.9921973673874644
2050,Cobalt,0.1,0.04377461295366108,8.726090949041808
2051,Cobalt,0.1,0.04197449372450286,7.209683162375012
2052,Cobalt,0.1,0.04308073917132683,7.758640978393855
2053,Cobalt,0.1,0.05428648495723829,9.825416460761508
2054,Cobalt,0.1,0.04735703691860939,9.76668782767972
2055,Cobalt,0.1,0.04388293511672797,8.448540258790752
2056,Cobalt,0.1,0.040867709565883384,7.6781658187078845
2057,Cobalt,0.1,0.04047671167770943,8.365161256050223
2058,Cobalt,0.1,0.04056974860039728,7.432746551064044
2059,Cobalt,0.1,0.04028403581219251,7.800565678838012
2060,Cobalt,0.1,0.042518615603344655,8.628522362975119
2061,Cobalt,0.1,0.04375640084062771,8.51632165373312
2062,Cobalt,0.1,0.041003350458070006,7.49153840876034
2063,Cobalt,0.1,0.04766435654866848,8.50825820664468
2064,Cobalt,0.1,0.04586357864290952,9.024955856810028
2065,Cobalt,0.1,0.04453602534882199,9.201385501653629
2066,Cobalt,0.1,0.04532750856275399,8.22100180460082
2067,Cobalt,0.1,0.045441657082901946,9.027197819800268
2068,Cobalt,0.1,0.04593552415770543,8.761271950095502
2069,Cobalt,0.1,0.04225999224379144,9.307135806322478
2070,Cobalt,0.1,0.04086952584525513,7.7133802293277
2071,Cobalt,0.1,0.04245007585309307,8.712789464841709
2072,Cobalt,0.1,0.048595697828933984,9.34122446598922
2073,Cobalt,0.1,0.04519659089256403,8.886940287588601
2074,Cobalt,0.1,0.04256631891478993,8.198875421993458
2075,Cobalt,0.1,0.04169887566138928,8.236915436921176
2076,Cobalt,0.1,0.04013849178734259,7.680872947500388
2027,Graphite,0.1,0.037144098091421635,8.39796443541461
2028,Graphite,0.1,0.04361162771956849,8.916586379004325
2029,Graphite,0.1,0.044719813243212635,7.898722006964823
2030,Graphite,0.1,0.04831257212149835,7.891987315487029
2031,Graphite,0.1,0.044374491925491664,8.524330911550887
2032,Graphite,0.1,0.04242707852742457,7.947727157848203
2033,Graphite,0.1,0.04367497393907925,8.457151653844047
2034,Graphite,0.1,0.05494890792203829,9.16426846890089
2035,Graphite,0.1,0.04824142903360303,9.887732395724067
2036,Graphite,0.1,0.04450304532267343,8.313773759279522
2037,Graphite,0.1,0.04130987626830562,8.089627377039822
2038,Graphite,0.1,0.040988561182239355,8.444237541612955
2039,Graphite,0.1,0.04114192492611736,8.014656435072913
2040,Graphite,0.1,0.04099261484232384,8.522344034970919
2041,Graphite,0.1,0.043221699446062925,8.515557034429595
2042,Graphite,0.1,0.04462480371869366,9.5393128167711
2043,Graphite,0.1,0.04142313597499213,7.675430024326476
2044,Graphite,0.1,0.048267265762069064,9.016279535362308
2045,Graphite,0.1,0.04672448685619005,9.841443210329992
2046,Graphite,0.1,0.045236658128537624,8.9456476537075
2047,Graphite,0.1,0.04593725174669121,9.065919287913813
2048,Graphite,0.1,0.04626311055484718,9.84406507804503
2049,Graphite,0.1,0.046702655324374044,9.206760967610265
2050,Graphite,0.1,0.04296535985469481,9.69214519263454
2051,Graphite,0.1,0.04148739584204024,7.760471436422003
2052,Graphite,0.1,0.04322066582054293,8.28038881875832
2053,Graphite,0.1,0.04934068283297947,9.611300406165611
2054,Graphite,0.1,0.04593343073087515,9.03595641539305
2055,Graphite,0.1,0.04319156174571975,8.854985872398375
2056,Graphite,0.1,0.04230574992847681,8.665728935640635
2057,Graphite,0.1,0.04054233131203928,8.35392376779792
2058,Graphite,0.1,0.05399295163475406,9.817148908938204
2059,Graphite,0.1,0.047983470639907023,9.645349506513654
2060,Graphite,0.1,0.052636605647748025,10.070178305097611
2061,Graphite,0.1,0.04501735960450447,8.81656190881768
2062,Graphite,0.1,0.04573780609872261,9.17291004152786
2063,Graphite,0.1,0.04665925592621219,8.428280365523028
2064,Graphite,0.1,0.04625023621511564,7.661869850849679
2065,Graphite,0.1,0.046007785485116325,9.61287183223388
2066,Graphite,0.1,0.038796575042959414,7.415666600526938
2067,Graphite,0.1,0.04264174650815269,8.886084528997333
2068,Graphite,0.1,0.04246062405707497,9.02758684269644
2069,Graphite,0.1,0.04367942283196619,8.65945394342981
2070,Graphite,0.1,0.04943632533956499,8.914313650194646
2071,Graphite,0.1,0.04280697860804194,7.9422946234924625
2072,Graphite,0.1,0.05341995056907536,9.886637508012535
2073,Graphite,0.1,0.046185245645998844,9.095291589740281
2074,Graphite,0.1,0.04404403418792602,8.52351457324863
2075,Graphite,0.1,0.04402718468938823,9.204785456891893
2076,Graphite,0.1,0.042497503048181486,8.015700109477432
2027,Rare earths,0.1,0.04521750110084273,9.112571684686747
2028,Rare earths,0.1,0.046184632092588766,8.969540598321654
2029,Rare earths,0.1,0.0462504721197996,9.25005964857185
2030,Rare earths,0.1,0.04667080062478712,8.949782200942106
2031,Rare earths,0.1,0.04311528087213366,9.271769695832557
2032,Rare earths,0.1,0.041604736905102024,8.37974747229676
2033,Rare earths,0.1,0.04325785254483536,8.831319992998086
2034,Rare earths,0.1,0.049360735640487166,8.742699710348571
2035,Rare earths,0.1,0.04612201173158039,8.96372424035446
2036,Rare earths,0.1,0.04321823688346779,8.482259551225479
2037,Rare earths,0.1,0.04263226970849294,9.020448610494531
2038,Rare earths,0.1,0.04074322542025966,8.36260515743955
2039,Rare earths,0.1,0.0539140465959541,10.268761505765202
2040,Rare earths,0.1,0.048129548147312746,10.277028801719158
2041,Rare earths,0.1,0.052318867958208115,9.632414150830899
2042,Rare earths,0.1,0.04498711000579418,9.631085021471545
2043,Rare earths,0.1,0.0460441957290298,9.207803118581499
2044,Rare earths,0.1,0.04638386001562888,8.632567489771965
2045,Rare earths,0.1,0.046265141886712095,8.19136000112255
2046,Rare earths,0.1,0.046316853074595876,9.186393647825634
2047,Rare earths,0.1,0.03881439754648001,7.9793142242784345
2048,Rare earths,0.1,0.0428442507386405,9.50097569900177
2049,Rare earths,0.1,0.042502635744529026,9.270350680037149
2050,Rare earths,0.1,0.044016767877885804,8.909746346710563
2051,Rare earths,0.1,0.049377663809622066,8.739805592580222
2052,Rare earths,0.1,0.042721358792688305,7.377206645283275
2053,Rare earths,0.1,0.05369611873825908,9.986869315284675
2054,Rare earths,0.1,0.04631659297944312,9.080590866214205
2055,Rare earths,0.1,0.04439242413580391,9.024761533327647
2056,Rare earths,0.1,0.044101736547690715,9.511274947895034
2057,Rare earths,0.1,0.042523265242297055,8.587118632963639
2058,Rare earths,0.1,0.040505491781901895,8.096827749637736
2059,Rare earths,0.1,0.04277172185942538,8.798136146812729
2060,Rare earths,0.1,0.041711040247759415,8.383473749705479
2061,Rare earths,0.1,0.04241327406149624,8.529121717528534
2062,Rare earths,0.1,0.04689252634312182,9.335741044296103
2063,Rare earths,0.1,0.04490417890569863,9.35073035157235
2064,Rare earths,0.1,0.042619954311365095,7.9220615318765315
2065,Rare earths,0.1,0.04460940019883095,9.082953191775644
2066,Rare earths,0.1,0.0441421019689006,8.323558592044552
2067,Rare earths,0.1,0.04267254199060118,8.784078932585995
2068,Rare earths,0.1,0.04855126558230553,9.69091632256876
2069,Rare earths,0.1,0.04471929956786896,8.6663164511323
2070,Rare earths,0.1,0.0428964595165319,7.821570733978305
2071,Rare earths,0.1,0.04209845455471155,8.296835431659613
2072,Rare earths,0.1,0.04084233575269677,8.557866196414508
2073,Rare earths,0.1,0.04850429456464286,9.020782314402137
2074,Rare earths,0.1,0.04238481766478251,7.769827941711509
2075,Rare earths,0.1,0.04472670611966615,8.40656982916084
2076,Rare earths,0.1,0.05153415314251677,9.396378030768005
2027,Copper,0.1,0.044531628463970296,8.901706869270125
2028,Copper,0.1,0.03771287045954238,7.487326521554719
2029,Copper,0.1,0.041045456357681046,8.506229893059416
2030,Copper,0.1,0.040950141439600185,8.525179077627715
2031,Copper,0.1,0.04235700166288633,7.974480782577063
2032,Copper,0.1,0.048363699015545186,8.97446777474876
2033,Copper,0.1,0.04202577457962742,7.375294895626752
2034,Copper,0.1,0.05180507371521981,8.654369953726004
2035,Copper,0.1,0.04472244808476553,8.490565610442024
2036,Copper,0.1,0.04248157351492972,8.168746669519809
2037,Copper,0.1,0.0422778202535123,9.320967666521446
2038,Copper,0.1,0.04148288483487108,8.042495869492692
2039,Copper,0.1,0.03900642000429412,8.047685270237707
2040,Copper,0.1,0.041507473323581644,8.907273077594386
2041,Copper,0.1,0.04063846890642886,7.612767040311219
2042,Copper,0.1,0.04080740219079702,8.74522815359466
2043,Copper,0.1,0.0455222496106634,8.960531488912707
2044,Copper,0.1,0.04327223426827983,9.180116564057332
2045,Copper,0.1,0.04156121977995738,7.98776888132505
2046,Copper,0.1,0.043585218227050714,8.216150441136154
2047,Copper,0.1,0.04233012778092177,8.47726309523479
2048,Copper,0.1,0.04100527447874029,8.86385075664342
2049,Copper,0.1,0.04674636493683415,9.47728002020624
2050,Copper,0.1,0.04352703639378035,8.344100593239858
2051,Copper,0.1,0.04211944095862543,7.3038002209386175
2052,Copper,0.1,0.04098007787275003,7.280619967178427
2053,Copper,0.1,0.0398741823007278,8.291783134148814
2054,Copper,0.1,0.047278722091125186,8.557671966746845
2055,Copper,0.1,0.04149580813718913,7.734415996105469
2056,Copper,0.1,0.043614651465359935,8.273494358328154
2057,Copper,0.1,0.04957032003294449,9.478494280739486
2058,Copper,0.1,0.04130132638578343,7.436771227607423
2059,Copper,0.1,0.03752337775619295,7.692740478842092
2060,Copper,0.1,0.04845428541700272,9.247166323221327
2061,Copper,0.1,0.043640639134897366,7.777676877174008
2062,Copper,0.1,0.048586511509320716,8.489083289032491
2063,Copper,0.1,0.038684557614190415,7.868423342369034
2064,Copper,0.1,0.04821406817654328,8.18531765977843
2065,Copper,0.1,0.04466574766234665,9.046365458063416
2066,Copper,0.1,0.0463655763597418,7.219249033394737
2067,Copper,0.1,0.04352621067612536,7.857631251900344
2068,Copper,0.1,0.04499033968871651,8.404460037902698
2069,Copper,0.1,0.04153329436535627,8.768286755015021
2070,Copper,0.1,0.04149598465033071,8.165246981646726
2071,Copper,0.1,0.040809485267870545,7.954406673638529
2072,Copper,0.1,0.03976975189853906,8.37268742653995
2073,Copper,0.1,0.038974367934136174,7.319089777928221
2074,Copper,0.1,0.05100691429611831,8.419338870306662
2075,Copper,0.1,0.047947874033910924,9.537136110037924
2076,Copper,0.1,0.03733996779347446,7.050674176601797
2027,Lithium,0.2,0.04873283890856389,8.920806690163818
2028,Lithium,0.2,0.042296581528115114,7.59816513264226
2029,Lithium,0.2,0.052687575414112876,9.160820601988274
2030,Lithium,0.2,0.045446300689988964,8.850372881830923
2031,Lithium,0.2,0.04345534020837502,8.47354947665394
2032,Lithium,0.2,0.04321678932957722,9.527324049001725
2033,Lithium,0.2,0.04186992285337733,8.1130463510133
2034,Lithium,0.2,0.03978705610552243,7.643817910625657
2035,Lithium,0.2,0.04200308638928703,8.706811101348817
2036,Lithium,0.2,0.0411429644743073,7.86203198708011
2037,Lithium,0.2,0.04158615177147716,9.002755267088306
2038,Lithium,0.2,0.046160232758084625,9.379241504891386
2039,Lithium,0.2,0.04411074776441274,9.143796246492423
2040,Lithium,0.2,0.042089246825524375,8.435991769052555
2041,Lithium,0.2,0.04405516252251823,8.5231233755758
2042,Lithium,0.2,0.043242878412279605,9.064057706390056
2043,Lithium,0.2,0.04182524515034584,8.919162087711758
2044,Lithium,0.2,0.04768987980875541,9.801508823232922
2045,Lithium,0.2,0.04405520302441053,8.262059860082823
2046,Lithium,0.2,0.04250245466951038,7.698588126711657
2047,Lithium,0.2,0.04151413935438621,8.04843971216818
2048,Lithium,0.2,0.04036230015168536,8.440155728627738
2049,Lithium,0.2,0.04776211422693051,9.06609492230391
2050,Lithium,0.2,0.041891969775265915,8.045737096313633
2051,Lithium,0.2,0.044201088582331946,8.10833154821386
2052,Lithium,0.2,0.05063337147486842,8.912885712634175
2053,Lithium,0.2,0.041815767535809324,8.153385918478142
2054,Lithium,0.2,0.03818220224145663,8.142755554615034
2055,Lithium,0.2,0.04927671126850357,9.544760091311591
2056,Lithium,0.2,0.04409460832263748,8.406753608180042
2057,Lithium,0.2,0.04937706023153468,9.045260261593729
2058,Lithium,0.2,0.039287164969297336,7.713472730678416
2059,Lithium,0.2,0.049044917632804816,8.63011593742403
2060,Lithium,0.2,0.04535757246502952,9.324425565014515
2061,Lithium,0.2,0.04685307587994118,7.618443126038784
2062,Lithium,0.2,0.0440087263452129,8.451185850237172
2063,Lithium,0.2,0.04574808397561364,8.668887563413877
2064,Lithium,0.2,0.042280161862228015,8.26869550138711
2065,Lithium,0.2,0.04217431393174869,8.887931843553584
2066,Lithium,0.2,0.041388584487758076,7.591829336252028
2067,Lithium,0.2,0.04025214070876172,8.078856715141233
2068,Lithium,0.2,0.039278273599627364,7.554553830747636
2069,Lithium,0.2,0.051469292471073756,9.04800391561459
2070,Lithium,0.2,0.04925813978847796,9.804483431502112
2071,Lithium,0.2,0.03775191195879942,7.635272171115597
2072,Lithium,0.2,0.04448332447099752,9.482803718771592
2073,Lithium,0.2,0.04322413988192227,8.961302041020584
2074,Lithium,0.2,0.042912453587501516,9.09789180687438
2075,Lithium,0.2,0.043672408687856025,8.18150222111559
2076,Lithium,0.2,0.04627396653119366,7.746542745167747
2027,Nickel,0.2,0.0420097953068311,7.764109851871287
2028,Nickel,0.2,0.04110629369166877,7.864181530563141
2029,Nickel,0.2,0.039960094830823,7.90941354900337
2030,Nickel,0.2,0.047283468846986816,8.726859627662643
2031,Nickel,0.2,0.041550480294753354,7.592892313997969
2032,Nickel,0.2,0.04369976145038216,8.608638586694832
2033,Nickel,0.2,0.05013149540609546,9.370822115579843
2034,Nickel,0.2,0.04144231491227318,7.355275365829146
2035,Nickel,0.2,0.03793246628419998,7.972840809421335
2036,Nickel,0.2,0.04882284170158595,9.053073342813438
2037,Nickel,0.2,0.043744650054005574,8.617084347392884
2038,Nickel,0.2,0.04896185437263456,8.884712458614084
2039,Nickel,0.2,0.0389890501146362,8.036433388749987
2040,Nickel,0.2,0.04864678395473927,9.11136024111146
2041,Nickel,0.2,0.04503767128418646,8.863015426993616
2042,Nickel,0.2,0.0465207615275013,8.251310918284394
2043,Nickel,0.2,0.043538547739064556,8.346794372544792
2044,Nickel,0.2,0.04535913999791402,8.870229714673265
2045,Nickel,0.2,0.041902854069222006,8.715510157713274
2046,Nickel,0.2,0.041797289109187036,8.379540968787254
2047,Nickel,0.2,0.04091924483830563,8.076599828696112
2048,Nickel,0.2,0.03985530387012552,8.56638241311872
2049,Nickel,0.2,0.03903936763768432,7.726782131632177
2050,Nickel,0.2,0.05117891833055762,9.126670103222573
2051,Nickel,0.2,0.04882425550334592,9.52688369195755
2052,Nickel,0.2,0.03748155514825615,6.990054932460493
2053,Nickel,0.2,0.04422714909102538,9.474388953131413
2054,Nickel,0.2,0.04266794297617203,8.804711177330585
2055,Nickel,0.2,0.04263142729692113,9.52665962443783
2056,Nickel,0.2,0.04325744484967538,8.330924388621485
2057,Nickel,0.2,0.04611964668312139,8.282834617939173
2058,Nickel,0.2,0.04158816515363876,8.215489636498692
2059,Nickel,0.2,0.04635675545862249,8.591684227928436
2060,Nickel,0.2,0.043510088704206765,9.018619137973795
2061,Nickel,0.2,0.04412664982784979,7.664274754678518
2062,Nickel,0.2,0.0479011146024213,8.551609704975117
2063,Nickel,0.2,0.03886185468178679,7.567652538405376
2064,Nickel,0.2,0.04763802458745889,9.152928802345993
2065,Nickel,0.2,0.041553668601498187,8.5110174717347
2066,Nickel,0.2,0.04330500008805422,7.9524747925671635
2067,Nickel,0.2,0.04556127767078819,8.691181793408884
2068,Nickel,0.2,0.04792303746115822,9.002568925897052
2069,Nickel,0.2,0.04337340020430236,9.187779692826137
2070,Nickel,0.2,0.04700921187659046,9.059185698055849
2071,Nickel,0.2,0.04852328573935653,9.287549995651533
2072,Nickel,0.2,0.04199651766153211,8.514416886086414
2073,Nickel,0.2,0.041736571654476515,8.43622699761614
2074,Nickel,0.2,0.037881022505613635,7.309061814442897
2075,Nickel,0.2,0.04213471348132268,7.944890106504374
2076,Nickel,0.2,0.04515710032780598,8.433544772772226
2027,Cobalt,0.2,0.04217338118181955,8.632020970106783
2028,Cobalt,0.2,0.04124664643863592,8.058916789727254
2029,Cobalt,0.2,0.04012715977997218,8.120878959613137
2030,Cobalt,0.2,0.03920827915737232,7.5240872676930435
2031,Cobalt,0.2,0.051403842872117675,8.75007210293233
2032,Cobalt,0.2,0.04920577747264451,10.3334232102011
2033,Cobalt,0.2,0.03768689005386694,7.517112047017837
2034,Cobalt,0.2,0.04442351149005998,8.700426215501455
2035,Cobalt,0.2,0.04297214859330613,8.767163262532701
2036,Cobalt,0.2,0.04283618724946567,9.16134745725898
2037,Cobalt,0.2,0.043540359351359414,8.675198755479844
2038,Cobalt,0.2,0.04626869840863911,8.154986997533419
2039,Cobalt,0.2,0.04189910753094034,8.726510759173475
2040,Cobalt,0.2,0.04666391330733753,9.23810191694878
2041,Cobalt,0.2,0.04396097894425377,8.737226637971839
2042,Cobalt,0.2,0.04439890403916783,8.460245732640738
2043,Cobalt,0.2,0.048103543584560905,8.599259063095925
2044,Cobalt,0.2,0.03912800936006388,7.874412541741148
2045,Cobalt,0.2,0.04799262478172687,9.81267506466122
2046,Cobalt,0.2,0.041719367616033384,8.130982730972649
2047,Cobalt,0.2,0.04343025968377241,8.613132537614424
2048,Cobalt,0.2,0.04593615935889007,9.33226800414472
2049,Cobalt,0.2,0.048355088759296075,9.352200972619382
2050,Cobalt,0.2,0.043574606311564665,9.435866149797985
2051,Cobalt,0.2,0.047276067760720644,8.934726897586918
2052,Cobalt,0.2,0.04902221464914705,8.684138078772463
2053,Cobalt,0.2,0.04236943274849916,8.651054008328948
2054,Cobalt,0.2,0.04211059810628413,8.492878214774878
2055,Cobalt,0.2,0.03799207477034453,7.749866358334728
2056,Cobalt,0.2,0.042457204451163334,8.259232244918234
2057,Cobalt,0.2,0.04552375517520709,9.073382001016236
2058,Cobalt,0.2,0.044399252736991066,7.717009711335334
2059,Cobalt,0.2,0.04255153273129688,7.932850541150055
2060,Cobalt,0.2,0.04822962587911132,10.006131009932124
2061,Cobalt,0.2,0.04360171158182984,8.304779345637902
2062,Cobalt,0.2,0.05377683683410679,9.824818263241408
2063,Cobalt,0.2,0.040663871994530774,8.652686187437265
2064,Cobalt,0.2,0.046669745406056916,8.078546628153623
2065,Cobalt,0.2,0.04353233831623071,9.347128806902301
2066,Cobalt,0.2,0.04381400479455007,7.849296340900085
2067,Cobalt,0.2,0.045032616412317886,9.267796017788111
2068,Cobalt,0.2,0.044666492416266954,8.591711953276555
2069,Cobalt,0.2,0.04678397476771105,9.02458843528595
2070,Cobalt,0.2,0.04477779752571933,8.579829716145943
2071,Cobalt,0.2,0.04681971683421447,8.620469145757792
2072,Cobalt,0.2,0.03677888333179039,7.2842956538058585
2073,Cobalt,0.2,0.04373921177450845,8.35483105742135
2074,Cobalt,0.2,0.04757477882558333,8.513138292034
2075,Cobalt,0.2,0.05000152803440794,7.7221278531986
2076,Cobalt,0.2,0.049679055176368156,8.697063152642311
2027,Graphite,0.2,0.04305118442915127,8.677132652686288
2028,Graphite,0.2,0.04484539441516467,8.903831269981318
2029,Graphite,0.2,0.04743478338984998,9.198879565596659
2030,Graphite,0.2,0.0496948568639156,9.45798830241966
2031,Graphite,0.2,0.04510802181574159,9.396134947874346
2032,Graphite,0.2,0.04885373111577026,10.003818923553206
2033,Graphite,0.2,0.05014915590197968,9.543411164240307
2034,Graphite,0.2,0.04350711663420882,8.216396875413759
2035,Graphite,0.2,0.04325488248301506,8.718728748497439
2036,Graphite,0.2,0.03895303895779684,7.784109663929025
2037,Graphite,0.2,0.04369109490051466,8.916806390982131
2038,Graphite,0.2,0.047146228694994526,9.412226669245506
2039,Graphite,0.2,0.0452332179939839,8.437566150223837
2040,Graphite,0.2,0.04374765695929651,8.8897230889204
2041,Graphite,0.2,0.05029876519011227,10.056229901972305
2042,Graphite,0.2,0.04522006001816041,9.537371236281166
2043,Graphite,0.2,0.05540191092297349,10.203769869802692
2044,Graphite,0.2,0.04185087401872548,9.311298682322427
2045,Graphite,0.2,0.0479171429280632,9.007517202914372
2046,Graphite,0.2,0.04476573175456393,9.213905945691545
2047,Graphite,0.2,0.045192407225949374,8.856402616935263
2048,Graphite,0.2,0.04692441548215787,10.331103917776021
2049,Graphite,0.2,0.04648081384305884,9.297898621150333
2050,Graphite,0.2,0.04811460838695951,9.528941525808099
2051,Graphite,0.2,0.04601558914808329,8.799943416393758
2052,Graphite,0.2,0.04818581671372751,8.363560836361561
2053,Graphite,0.2,0.037512987300031185,7.658004097682405
2054,Graphite,0.2,0.04498653907302565,8.69870498729737
2055,Graphite,0.2,0.0488250820845749,9.415985761300485
2056,Graphite,0.2,0.0510930187896108,8.331820358691676
2057,Graphite,0.2,0.050984582164607994,9.681735061252187
2058,Graphite,0.2,0.042411862267013364,8.25903288300131
2059,Graphite,0.2,0.043227509576147446,8.550901548707312
2060,Graphite,0.2,0.04753059061253934,10.145430004740106
2061,Graphite,0.2,0.05138911443254871,8.711006598253437
2062,Graphite,0.2,0.04544565413674763,9.343631960601668
2063,Graphite,0.2,0.050306386119749726,10.179606275414052
2064,Graphite,0.2,0.051064257683535244,9.5609661835179
2065,Graphite,0.2,0.04098518401028074,8.196678399335294
2066,Graphite,0.2,0.04673354462592824,8.005531720064132
2067,Graphite,0.2,0.051043679950303636,9.775331427374686
2068,Graphite,0.2,0.04908566621155564,9.153002023569888
2069,Graphite,0.2,0.046049242311232676,9.143499717720424
2070,Graphite,0.2,0.04941678791511047,10.026522773662528
2071,Graphite,0.2,0.044620230219742166,8.922150797456792
2072,Graphite,0.2,0.05041906498251288,9.780082234871568
2073,Graphite,0.2,0.03970931878079746,7.961097048486431
2074,Graphite,0.2,0.04955912906405836,9.42484429536141
2075,Graphite,0.2,0.042735974806918216,8.69268962846546
2076,Graphite,0.2,0.04891027082941093,8.2756798375739
2027,Rare earths,0.2,0.04580456780757295,9.589350674588207
2028,Rare earths,0.2,0.045148217201878456,8.772443851201924
2029,Rare earths,0.2,0.04672925628279635,9.699807843209765
2030,Rare earths,0.2,0.045622114419090136,8.96433842051113
2031,Rare earths,0.2,0.04805987945276098,9.143167872557127
2032,Rare earths,0.2,0.04591442638364426,9.399567756054457
2033,Rare earths,0.2,0.04819207653148151,8.900704592758869
2034,Rare earths,0.2,0.037685474611703726,7.0516509020868625
2035,Rare earths,0.2,0.04491702207847588,8.620077042056064
2036,Rare earths,0.2,0.04859714612864597,9.036192074396562
2037,Rare earths,0.2,0.05116608304651844,8.596121883771307
2038,Rare earths,0.2,0.051234868881506024,9.619870205742291
2039,Rare earths,0.2,0.04211784439526374,8.709863423972601
2040,Rare earths,0.2,0.04365750779844223,9.196716588728346
2041,Rare earths,0.2,0.047969209077802374,9.788167267771943
2042,Rare earths,0.2,0.051276697403224214,9.470154235142251
2043,Rare earths,0.2,0.04519785992163292,9.341404921386443
2044,Rare earths,0.2,0.050187263048404096,10.466300277444205
2045,Rare earths,0.2,0.05002879232450671,10.039576668653513
2046,Rare earths,0.2,0.04100049592293912,7.794855924869054
2047,Rare earths,0.2,0.04625925264559922,8.599024186481872
2048,Rare earths,0.2,0.05111304101914336,10.44581838930427
2049,Rare earths,0.2,0.0496624638047846,9.61429180040338
2050,Rare earths,0.2,0.04666932294642818,9.547216844917015
2051,Rare earths,0.2,0.04849760211313703,9.725111453166049
2052,Rare earths,0.2,0.044467380795606505,8.24452659384573
2053,Rare earths,0.2,0.050549047128957435,9.925122742034285
2054,Rare earths,0.2,0.03972978897617817,8.058333197786853
2055,Rare earths,0.2,0.049615311473185805,9.940953632905694
2056,Rare earths,0.2,0.043324560043621015,9.07201658665402
2057,Rare earths,0.2,0.04908431531510199,8.788353501945517
2058,Rare earths,0.2,0.046222895908747105,8.711978531105833
2059,Rare earths,0.2,0.055959177196633424,10.614156029834051
2060,Rare earths,0.2,0.046531567733315224,9.044864886121498
2061,Rare earths,0.2,0.04431434216394369,8.364403662354349
2062,Rare earths,0.2,0.04069594851240601,8.359831464356253
2063,Rare earths,0.2,0.04331493846428784,8.757296083007667
2064,Rare earths,0.2,0.05041687169282992,8.08560528286893
2065,Rare earths,0.2,0.04061017570888907,9.146238384544228
2066,Rare earths,0.2,0.049667634586555494,8.885102239133726
2067,Rare earths,0.2,0.04554987089731234,8.142457658046599
2068,Rare earths,0.2,0.04921286140523199,8.938131137053237
2069,Rare earths,0.2,0.04185290806281384,8.962585176016356
2070,Rare earths,0.2,0.048004795507829434,9.349103252872936
2071,Rare earths,0.2,0.04932332224676414,10.39853022875681
2072,Rare earths,0.2,0.04474835606205478,9.565764708902242
2073,Rare earths,0.2,0.05136192394171853,9.911776393502613
2074,Rare earths,0.2,0.03893200822616799,8.096627423232713
2075,Rare earths,0.2,0.046757774105154935,8.998324288906
2076,Rare earths,0.2,0.04596502778801065,8.429948344960575
2027,Copper,0.2,0.03937110409693631,7.190024905284259
2028,Copper,0.2,0.04419688056008517,7.748300762293266
2029,Copper,0.2,0.04691117002892049,8.927555341717255
2030,Copper,0.2,0.047381457535554825,8.408328817539363
2031,Copper,0.2,0.04421810020895937,8.00385262385481
2032,Copper,0.2,0.04589490538201603,9.713478901152602
2033,Copper,0.2,0.0413563014132266,7.913387001139623
2034,Copper,0.2,0.04776359525689851,8.225297185562907
2035,Copper,0.2,0.03845900776589075,7.167825562206788
2036,Copper,0.2,0.046995440869787256,8.709157280111748
2037,Copper,0.2,0.03993057854852089,8.412073587415838
2038,Copper,0.2,0.04726072720628252,8.001392451445984
2039,Copper,0.2,0.043384288603211675,8.326365235958068
2040,Copper,0.2,0.05052782838523466,10.27485141807341
2041,Copper,0.2,0.04504060323370986,7.879574145826349
2042,Copper,0.2,0.04202618649300923,8.093290279040696
2043,Copper,0.2,0.038604569669480435,7.428119519290585
2044,Copper,0.2,0.041316887468312476,8.074877976480307
2045,Copper,0.2,0.04878374434821821,7.7378269083015585
2046,Copper,0.2,0.03779960808832498,7.839121418326175
2047,Copper,0.2,0.04593358111544376,8.496552361517402
2048,Copper,0.2,0.04364957973187821,7.884691969548688
2049,Copper,0.2,0.04818185676857063,8.37698567253922
2050,Copper,0.2,0.04001647704803316,8.33279354306853
2051,Copper,0.2,0.045069162749569826,8.34238626860753
2052,Copper,0.2,0.04541393923568423,8.901899294298968
2053,Copper,0.2,0.04135722234876509,8.7239557486886
2054,Copper,0.2,0.0481556255383443,8.915035126917516
2055,Copper,0.2,0.03673833927044582,7.721043456080554
2056,Copper,0.2,0.044484744777299925,8.520029603040392
2057,Copper,0.2,0.043545564261711044,8.087005357762365
2058,Copper,0.2,0.0386445750704806,7.3589378119844415
2059,Copper,0.2,0.041034142633022117,7.898321403393185
2060,Copper,0.2,0.0456296532576293,8.515892544928285
2061,Copper,0.2,0.041384333953741456,7.460682098346345
2062,Copper,0.2,0.05060771852329511,8.155130423697118
2063,Copper,0.2,0.04176028057754722,8.988968795761485
2064,Copper,0.2,0.03960487315221387,6.923041293130359
2065,Copper,0.2,0.038922632300951374,8.117621098443857
2066,Copper,0.2,0.04056946231841352,7.027735840110789
2067,Copper,0.2,0.041032534842787814,8.107608479304428
2068,Copper,0.2,0.0431699343967304,7.873890888339176
2069,Copper,0.2,0.04454978761370731,8.543474063015692
2070,Copper,0.2,0.04190628604830784,7.973350503501142
2071,Copper,0.2,0.04303900706308804,9.141703636459008
2072,Copper,0.2,0.042623699035218135,8.477031193837126
2073,Copper,0.2,0.045195400875558595,8.71932134261601
2074,Copper,0.2,0.04719907775132097,9.42743362839609
2075,Copper,0.2,0.04253504332678325,8.261641334459336
2076,Copper,0.2,0.04617073980522285,7.855486920330717
